;#;FORM;LEMMA;GRAM;COMMENT;CHECKED;CONTEXT;RIGHT1;RIGHT2;RIGHT3;RIGHT4;RIGHT5;RIGHT6;POS;AUTO_LEMMA;AUTO_GRAM;
21266;# doc = pariskili.2.txt;;;;;;;;;;;;;;;;
21267;# speaker = Ольга;;;;;;;;;;;;;;;;
21268;# sent = 1509;;;;;;;;;;;;;;;;
21269;;Привет;ПРИВЕТ;INTJ;;;   _Привет_ , ребята .;т;е;в;и;р;п;S;ПРИВЕТ;S m inan nom sg;Т
21270;;,;,;PUNCT;;;;;;;;;;PUNCT;;;
21271;;ребята;РЕБЯТА;S - anim voc pl;;; Привет , _ребята_ .  ;а;т;я;б;е;р;S;РЕБЯТА;S - anim nom pl;А
21272;;.;.;PUNCT;;;;;;;;;;PUNCT;;;
21273;;;;;;;;;;;;;;;;;
21274;# sent = 1510;;;;;;;;;;;;;;;;
21275;;Ну;НУ;PART;;;.   _Ну_ что , поговорим;у;н;;;;;PART;НУ;PART;У
21276;;что;ЧТО;PART;;;  Ну _что_ , поговорим сегодня;о;т;ч;;;;CONJ;ЧТО;CONJ;О
21277;;,;,;PUNCT;;;;;;;;;;PUNCT;;;
21278;;поговорим;ПОГОВОРИТЬ;V pf - pl indic - 1p;;;Ну что , _поговорим_ сегодня о Париже;м;и;р;о;в;о;V;ПОГОВОРИТЬ;V pf - pl imper - 1p;Ь
21279;;сегодня;СЕГОДНЯ;ADV -;;;что , поговорим _сегодня_ о Париже .;я;н;д;о;г;е;ADV;СЕГОДНЯ;ADV -;Я
21280;;о;О;PR;;;, поговорим сегодня _о_ Париже . ;о;;;;;;PR;О;PR;О
21281;;Париже;ПАРИЖ;S m inan loc sg;;;поговорим сегодня о _Париже_ .  ;е;ж;и;р;а;п;S;ПАРИЖ;S m inan loc sg;Ж
21282;;.;.;PUNCT;;;;;;;;;;PUNCT;;;
21283;;;;;;;;;;;;;;;;;
21284;# sent = 1511;;;;;;;;;;;;;;;;
21285;;Может;МОЧЬ;V ipf praes sg indic - 3p;слитно;;.   _Может_ быть , в;т;е;ж;о;м;;V;МОЧЬ;V ipf praes sg indic - 3p;Ь
21286;;быть;БЫТЬ;V ipf - - inf - -;;;  Может _быть_ , в Рождество;ь;т;ы;б;;;V;БЫТЬ;V ipf - - inf - -;Ь
21287;;,;,;PUNCT;;;;;;;;;;PUNCT;;;
21288;;в;В;PR;;;Может быть , _в_ Рождество все дороги;в;;;;;;PR;В;PR;В
21289;;Рождество;РОЖДЕСТВО;S n inan acc sg;;;быть , в _Рождество_ все дороги и;о;в;т;с;е;д;S;РОЖДЕСТВО;S n inan acc sg;О
21290;;все;ВЕСЬ;APRO - nom pl plen - -;;;, в Рождество _все_ дороги и ведут;е;с;в;;;;APRO;ВЕСЬ;A - nom pl plen - -;Ь
21291;;дороги;ДОРОГА;S f inan nom pl;;;в Рождество все _дороги_ и ведут в;и;г;о;р;о;д;S;ДОРОГА;S f inan nom pl;А
21292;;и;И;PART;;;Рождество все дороги _и_ ведут в Рим;и;;;;;;CONJ;И;CONJ;И
21293;;ведут;ВЕСТИ;V ipf praes pl indic - 3p;;;все дороги и _ведут_ в Рим ,;т;у;д;е;в;;V;ВЕСТИ;V ipf praes pl indic - 3p;И
21294;;в;В;PR;;;дороги и ведут _в_ Рим , аа;в;;;;;;PR;В;PR;В
21295;;Рим;РИМ;S m inan acc sg;;;и ведут в _Рим_ , аа ,;м;и;р;;;;S;РИМ;S m inan acc sg;М
21296;;,;,;PUNCT;;;;;;;;;;PUNCT;;;
21297;;аа;АА;NONLEX;;;в Рим , _аа_ , но в;а;а;;;;;INTJ;АА;NONLEX;А
21298;;,;,;PUNCT;;;;;;;;;;PUNCT;;;
21299;;но;НО;CONJ;;;, аа , _но_ в остальные дни;о;н;;;;;CONJ;НО;CONJ;О
21300;;в;В;PR;;;аа , но _в_ остальные дни они;в;;;;;;PR;В;PR;В
21301;;остальные;ОСТАЛЬНОЙ;A - acc pl plen - inan;;;, но в _остальные_ дни они точно;е;ы;н;ь;л;а;A;ОСТАЛЬНОЙ;A - acc pl plen - inan;Й
21302;;дни;ДЕНЬ;S m inan acc pl;;;но в остальные _дни_ они точно ведут;и;н;д;;;;S;ДЕНЬ;S m inan acc pl;Ь
21303;;они;ОНИ;SPRO pl - - nom;;;в остальные дни _они_ точно ведут в;и;н;о;;;;SPRO;ОНИ;SPRO pl - - nom;И
21304;;точно;ТОЧНО;ADV -;;;остальные дни они _точно_ ведут в Париж;о;н;ч;о;т;;ADV;ТОЧНО;ADV -;О
21305;;ведут;ВЕСТИ;V ipf praes pl indic - 3p;;;дни они точно _ведут_ в Париж .;т;у;д;е;в;;V;ВЕСТИ;V ipf praes pl indic - 3p;И
21306;;в;В;PR;;;они точно ведут _в_ Париж . ;в;;;;;;PR;В;PR;В
21307;;Париж;ПАРИЖ;S m inan acc sg;;;точно ведут в _Париж_ .  ;ж;и;р;а;п;;S;ПАРИЖ;S m inan acc sg;Ж
21308;;.;.;PUNCT;;;;;;;;;;PUNCT;;;
21309;;;;;;;;;;;;;;;;;
21310;# sent = 1512;;;;;;;;;;;;;;;;
21311;;Мне;Я;SPRO sg 1p - dat;;;.   _Мне_ кажется , Париж;е;н;м;;;;SPRO;Я;SPRO sg 1p - dat;Я
21312;;кажется;КАЖЕТСЯ;V intr ipf praes sg indic med 3p;;;  Мне _кажется_ , Париж -;я;с;т;е;ж;а;ADV;КАЖЕТСЯ;ADV -;Я
21313;;,;,;PUNCT;;;;;;;;;;PUNCT;;;
21314;;Париж;ПАРИЖ;S m inan nom sg;;;Мне кажется , _Париж_ - это самый;ж;и;р;а;п;;S;ПАРИЖ;S m inan nom sg;Ж
21315;;-;-;PUNCT;;;;;;;;;;PUNCT;;;
21316;;это;ЭТО;SPRO n - nom sg;;;, Париж - _это_ самый прекрасный город;о;т;э;;;;SPRO;ЭТО;S n - nom sg;О
21317;;самый;САМЫЙ;APRO nom sg m ;;;Париж - это _самый_ прекрасный город в;й;ы;м;а;с;;A;САМЫЙ;A - nom sg plen m -;Й
21318;;прекрасный;ПРЕКРАСНЫЙ;A - nom sg plen m -;;;- это самый _прекрасный_ город в мире;й;ы;н;с;а;р;A;ПРЕКРАСНЫЙ;A - nom sg plen m -;Й
21319;;город;ГОРОД;S m inan nom sg;;;это самый прекрасный _город_ в мире .;д;о;р;о;г;;S;ГОРОД;S m inan nom sg;Д
21320;;в;В;PR;;;самый прекрасный город _в_ мире . ;в;;;;;;PR;В;PR;В
21321;;мире;МИР;S m inan loc2 sg;;;прекрасный город в _мире_ .  ;е;р;и;м;;;S;МИР;S m inan loc sg;Р
21322;;.;.;PUNCT;;;;;;;;;;PUNCT;;;
21323;;;;;;;;;;;;;;;;;
21324;# sent = 1513;;;;;;;;;;;;;;;;
21325;;Сразу;СРАЗУ;ADV -;;;.   _Сразу_ скажу , что;у;з;а;р;с;;ADV;СРАЗУ;ADV -;У
21326;;скажу;СКАЗАТЬ;V pf fut sg indic - 1p;;;  Сразу _скажу_ , что ...;у;ж;а;к;с;;V;СКАЗАТЬ;V pf fut sg indic - 1p;Ь
21327;;,;,;PUNCT;;;;;;;;;;PUNCT;;;
21328;;что;ЧТО;CONJ;;;Сразу скажу , _что_ ... это на;о;т;ч;;;;CONJ;ЧТО;CONJ;О
21329;;...;...;PUNCT;;;;;;;;;;PUNCT;;;
21330;;это;ЭТО;SPRO n - nom sg;;;, что ... _это_ на мой взгляд;о;т;э;;;;SPRO;ЭТО;S n - acc sg;О
21331;;на;НА;PR;;;что ... это _на_ мой взгляд .;а;н;;;;;PR;НА;PR;А
21332;;мой;МОЙ;APRO - acc sg plen m inan;;;... это на _мой_ взгляд . ;й;о;м;;;;APRO;МОЙ;A - acc sg plen m inan;Й
21333;;взгляд;ВЗГЛЯД;S m inan acc sg;;;это на мой _взгляд_ .  ;д;я;л;г;з;в;S;ВЗГЛЯД;S m inan acc sg;Д
21334;;.;.;PUNCT;;;;;;;;;;PUNCT;;;
21335;;;;;;;;;;;;;;;;;
21336;# sent = 1514;;;;;;;;;;;;;;;;
21337;;А;А;PART;;;.   _А_ он , может;а;;;;;;CONJ;А;CONJ;А
21338;;он;ОН;SPRO sg 3p m nom;;;  А _он_ , может быть;н;о;;;;;SPRO;ОН;SPRO sg 3p m nom;Н
21339;;,;,;PUNCT;;;;;;;;;;PUNCT;;;
21340;;может;МОЧЬ;V ipf praes sg indic - 3p;слитно;;А он , _может_ быть , для;т;е;ж;о;м;;V;МОЧЬ;V ipf praes sg indic - 3p;Ь
21341;;быть;БЫТЬ;V ipf - - inf - -;;;он , может _быть_ , для кого-то;ь;т;ы;б;;;V;БЫТЬ;V ipf - - inf - -;Ь
21342;;,;,;PUNCT;;;;;;;;;;PUNCT;;;
21343;;для;ДЛЯ;PR;;;может быть , _для_ кого-то ещё более;я;л;д;;;;PR;ДЛЯ;PR;Я
21344;;кого-то;КТО-ТО;SPRO - - gen -;;;быть , для _кого-то_ ещё более прекрасен;о;т;-;о;г;о;S;КТО-ТО;S m - gen sg;О
21345;;ещё;ЕЩЕ;ADV -;;;, для кого-то _ещё_ более прекрасен .;ё;щ;е;;;;ADV;ЕЩЕ;ADV -;Е
21346;;более;БОЛЕЕ;ADV -;;;для кого-то ещё _более_ прекрасен . ;е;е;л;о;б;;ADV;БОЛЕЕ;ADV -;Е
21347;;прекрасен;ПРЕКРАСНЫЙ;A - - sg brev m -;;;кого-то ещё более _прекрасен_ .  ;н;е;с;а;р;к;A;ПРЕКРАСНЫЙ;A - - sg brev m -;Й
21348;;.;.;PUNCT;;;;;;;;;;PUNCT;;;
21349;;;;;;;;;;;;;;;;;
21350;# sent = 1515;;;;;;;;;;;;;;;;
21351;;Но;НО;CONJ;;;.   _Но_ Париж , однозначно;о;н;;;;;CONJ;НО;CONJ;О
21352;;Париж;ПАРИЖ;S m inan nom sg;;;  Но _Париж_ , однозначно ,;ж;и;р;а;п;;S;ПАРИЖ;S m inan nom sg;Ж
21353;;,;,;PUNCT;;;;;;;;;;PUNCT;;;
21354;;однозначно;ОДНОЗНАЧНО;PARENTH;;;Но Париж , _однозначно_ , субъективен и;о;н;ч;а;н;з;ADV;ОДНОЗНАЧНО;ADV -;О
21355;;,;,;PUNCT;;;;;;;;;;PUNCT;;;
21356;;субъективен;СУБЪЕКТИВНЫЙ;A - - sg brev m -;;;, однозначно , _субъективен_ и субъективно позитивен;н;е;в;и;т;к;A;СУБЪЕКТИВНЫЙ;A - - sg brev m -;Й
21357;;и;И;CONJ;;;однозначно , субъективен _и_ субъективно позитивен .;и;;;;;;CONJ;И;CONJ;И
21358;;субъективно;СУБЪЕКТИВНО;ADV -;;;, субъективен и _субъективно_ позитивен . ;о;н;в;и;т;к;ADV;СУБЪЕКТИВНО;ADV -;О
21359;;позитивен;ПОЗИТИВНЫЙ;A - - sg brev m -;;;субъективен и субъективно _позитивен_ .  ;н;е;в;и;т;и;A;ПОЗИТИВНЫЙ;A comp2 - - plen - -;Й
21360;;.;.;PUNCT;;;;;;;;;;PUNCT;;;
21361;;;;;;;;;;;;;;;;;
21362;# sent = 1516;;;;;;;;;;;;;;;;
21363;# speaker = Ольга;;;;;;;;;;;;;;;;
21364;# sent = 1517;;;;;;;;;;;;;;;;
21365;;Прекрасным;ПРЕКРАСНЫЙ;A - ins sg plen m -;;;   _Прекрасным_ Париж делает не;м;ы;н;с;а;р;A;ПРЕКРАСНЫЙ;A - ins sg plen n -;Й
21366;;Париж;ПАРИЖ;S m inan acc sg;;;  Прекрасным _Париж_ делает не только;ж;и;р;а;п;;S;ПАРИЖ;S m inan acc sg;Ж
21367;;делает;ДЕЛАТЬ;V ipf praes sg indic - 3p;;; Прекрасным Париж _делает_ не только архитектура;т;е;а;л;е;д;V;ДЕЛАТЬ;V ipf praes sg indic - 3p;Ь
21368;;не;НЕ;PART;;;Прекрасным Париж делает _не_ только архитектура ,;е;н;;;;;PART;НЕ;PART;Е
21369;;только;ТОЛЬКО;PART;;;Париж делает не _только_ архитектура , может;о;к;ь;л;о;т;PART;ТОЛЬКО;PART;О
21370;;архитектура;АРХИТЕКТУРА;S f inan nom sg;;;делает не только _архитектура_ , может быть;а;р;у;т;к;е;S;АРХИТЕКТУРА;S f inan nom sg;А
21371;;,;,;PUNCT;;;;;;;;;;PUNCT;;;
21372;;может;МОЧЬ;V ipf praes sg indic - 3p;слитно;;только архитектура , _может_ быть , и;т;е;ж;о;м;;V;МОЧЬ;V ipf praes sg indic - 3p;Ь
21373;;быть;БЫТЬ;V ipf - - inf - -;;;архитектура , может _быть_ , и в;ь;т;ы;б;;;V;БЫТЬ;V ipf - - inf - -;Ь
21374;;,;,;PUNCT;;;;;;;;;;PUNCT;;;
21375;;и;И;PART;;;может быть , _и_ в Мадриде она;и;;;;;;CONJ;И;CONJ;И
21376;;в;В;PR;;;быть , и _в_ Мадриде она не;в;;;;;;PR;В;PR;В
21377;;Мадриде;МАДРИД;S m inan loc2 sg;;;, и в _Мадриде_ она не хуже;е;д;и;р;д;а;S;МАДРИД;S m inan loc sg;Д
21378;;она;ОНА;SPRO sg 3p f nom;;;и в Мадриде _она_ не хуже .;а;н;о;;;;SPRO;ОНА;SPRO sg 3p f nom;А
21379;;не;НЕ;PART;;;в Мадриде она _не_ хуже . ;е;н;;;;;PART;НЕ;PART;Е
21380;;хуже;ПЛОХО;A comp - - - - -;;;Мадриде она не _хуже_ .  ;е;ж;у;х;;;ADV;ПЛОХО;ADV comp;О
21381;;.;.;PUNCT;;;;;;;;;;PUNCT;;;
21382;;;;;;;;;;;;;;;;;
21383;# sent = 1518;;;;;;;;;;;;;;;;
21384;;И;И;CONJ;;;.   _И_ не только музеи;и;;;;;;CONJ;И;CONJ;И
21385;;не;НЕ;PART;;;  И _не_ только музеи -;е;н;;;;;PART;НЕ;PART;Е
21386;;только;ТОЛЬКО;PART;;; И не _только_ музеи - а;о;к;ь;л;о;т;PART;ТОЛЬКО;PART;О
21387;;музеи;МУЗЕЙ;S m inan nom pl;;;И не только _музеи_ - а в;и;е;з;у;м;;S;МУЗЕЙ;S m inan nom pl;Й
21388;;-;-;PUNCT;;;;;;;;;;PUNCT;;;
21389;;а;А;CONJ;;;только музеи - _а_ в Нью-Йорке они;а;;;;;;CONJ;А;CONJ;А
21390;;в;В;PR;;;музеи - а _в_ Нью-Йорке они и;в;;;;;;PR;В;PR;В
21391;;Нью-Йорке;НЬЮ-ЙОРК;S m inan loc2 sg;;;- а в _Нью-Йорке_ они и побогаче;е;к;р;о;й;-;S;НЬЮ-ЙОРК;S m inan loc sg;К
21392;;они;ОНИ;SPRO pl - - nom;;;а в Нью-Йорке _они_ и побогаче будут;и;н;о;;;;SPRO;ОНИ;SPRO pl - - nom;И
21393;;и;И;PART;;;в Нью-Йорке они _и_ побогаче будут .;и;;;;;;CONJ;И;CONJ;И
21394;;побогаче;БОГАТЫЙ;A comp2 - - - - -;;;Нью-Йорке они и _побогаче_ будут . ;е;ч;а;г;о;б;A;БОГАТЫЙ;A comp - - plen - -;Й
21395;;будут;БЫТЬ;V ipf praes pl indic - 3p;;;они и побогаче _будут_ .  ;т;у;д;у;б;;V;БЫТЬ;V ipf praes pl indic - 3p;Ь
21396;;.;.;PUNCT;;;;;;;;;;PUNCT;;;
21397;;;;;;;;;;;;;;;;;
21398;# sent = 1519;;;;;;;;;;;;;;;;
21399;;И;И;CONJ;;;.   _И_ даже не парижанки;и;;;;;;CONJ;И;CONJ;И
21400;;даже;ДАЖЕ;PART;;;  И _даже_ не парижанки -;е;ж;а;д;;;PART;ДАЖЕ;PART;Е
21401;;не;НЕ;PART;;; И даже _не_ парижанки - голландки;е;н;;;;;PART;НЕ;PART;Е
21402;;парижанки;ПАРИЖАНКА;S f anim nom pl;;;И даже не _парижанки_ - голландки ,;и;к;н;а;ж;и;S;ПАРИЖАНКА;S f anim nom pl;А
21403;;-;-;PUNCT;;;;;;;;;;PUNCT;;;
21404;;голландки;ГОЛЛАНДКА;S - anim nom pl;;;не парижанки - _голландки_ , они поинтереснее;и;к;д;н;а;л;S;ГОЛЛАНДКА;S f anim gen sg;А
21405;;,;,;PUNCT;;;;;;;;;;PUNCT;;;
21406;;они;ОНИ;SPRO pl - - nom;;;- голландки , _они_ поинтереснее будут .;и;н;о;;;;SPRO;ОНИ;SPRO pl - - nom;И
21407;;поинтереснее;ИНТЕРЕСНО;ADV comp2;;;голландки , они _поинтереснее_ будут . ;е;е;н;с;е;р;ADV;ИНТЕРЕСНО;ADV comp;О
21408;;будут;БЫТЬ;V ipf praes pl indic - 3p;;;, они поинтереснее _будут_ .  ;т;у;д;у;б;;V;БЫТЬ;V ipf praes pl indic - 3p;Ь
21409;;.;.;PUNCT;;;;;;;;;;PUNCT;;;
21410;;;;;;;;;;;;;;;;;
21411;# sent = 1520;;;;;;;;;;;;;;;;
21412;;И;И;CONJ;;;.   _И_ даже себе представляете;и;;;;;;CONJ;И;CONJ;И
21413;;даже;ДАЖЕ;PART;;;  И _даже_ себе представляете ,;е;ж;а;д;;;PART;ДАЖЕ;PART;Е
21414;;себе;СЕБЯ;SPRO - - - dat;;; И даже _себе_ представляете , не;е;б;е;с;;;SPRO;СЕБЯ;SPRO - - - dat;Я
21415;;представляете;ПРЕДСТАВЛЯТЬ;V ipf praes pl indic - 2p;;;И даже себе _представляете_ , не парижский;е;т;е;я;л;в;V;ПРЕДСТАВЛЯТЬ;V ipf praes pl indic - 2p;Ь
21416;;,;,;PUNCT;;;;;;;;;;PUNCT;;;
21417;;не;НЕ;PART;;;себе представляете , _не_ парижский Диснейленд .;е;н;;;;;PART;НЕ;PART;Е
21418;;парижский;ПАРИЖСКИЙ;A - nom sg plen m -;;;представляете , не _парижский_ Диснейленд . ;й;и;к;с;ж;и;A;ПАРИЖСКИЙ;A - nom sg plen m -;Й
21419;;Диснейленд;ДИСНЕЙЛЕНД;S m inan nom sg;;;, не парижский _Диснейленд_ .  ;д;н;е;л;й;е;S;ДИСНЕЙЛЕНД;S m inan nom sg;Д
21420;;.;.;PUNCT;;;;;;;;;;PUNCT;;;
21421;;;;;;;;;;;;;;;;;
21422;# sent = 1521;;;;;;;;;;;;;;;;
21423;;А;А;CONJ;;;.   _А_ та самая парижская;а;;;;;;CONJ;А;CONJ;А
21424;;та;ТОТ;APRO nom sg f ;;;  А _та_ самая парижская аура;а;т;;;;;A;ТОТ;A - nom sg plen f -;Т
21425;;самая;САМЫЙ;APRO nom sg f ;;; А та _самая_ парижская аура ,;я;а;м;а;с;;A;САМЫЙ;A - nom sg plen f -;Й
21426;;парижская;ПАРИЖСКИЙ;A - nom sg plen f -;;;А та самая _парижская_ аура , та;я;а;к;с;ж;и;A;ПАРИЖСКИЙ;A - nom sg plen f -;Й
21427;;аура;АУРА;S f inan nom sg;;;та самая парижская _аура_ , та особая;а;р;у;а;;;S;АУРА;S f inan nom sg;А
21428;;,;,;PUNCT;;;;;;;;;;PUNCT;;;
21429;;та;ТОТ;APRO nom sg f ;;;парижская аура , _та_ особая атмосфера этого;а;т;;;;;A;ТОТ;A - nom sg plen f -;Т
21430;;особая;ОСОБЫЙ;A - nom sg plen f -;;;аура , та _особая_ атмосфера этого города;я;а;б;о;с;о;A;ОСОБЫЙ;A - nom sg plen f -;Й
21431;;атмосфера;АТМОСФЕРА;S f inan nom sg;;;, та особая _атмосфера_ этого города ,;а;р;е;ф;с;о;S;АТМОСФЕРА;S f inan nom sg;А
21432;;этого;ЭТОТ;APRO - gen sg plen m -;;;та особая атмосфера _этого_ города , атмосфера;о;г;о;т;э;;APRO;ЭТОТ;A - acc sg plen m anim;Т
21433;;города;ГОРОД;S m inan gen sg;;;особая атмосфера этого _города_ , атмосфера легкости;а;д;о;р;о;г;S;ГОРОД;S m inan gen sg;Д
21434;;,;,;PUNCT;;;;;;;;;;PUNCT;;;
21435;;атмосфера;АТМОСФЕРА;S f inan nom sg;;;этого города , _атмосфера_ легкости , влюблённости;а;р;е;ф;с;о;S;АТМОСФЕРА;S f inan nom sg;А
21436;;легкости;ЛЕГКОСТЬ;S f inan gen sg;;;города , атмосфера _легкости_ , влюблённости ,;и;т;с;о;к;г;S;ЛЕГКОСТЬ;S f inan loc sg;Ь
21437;;,;,;PUNCT;;;;;;;;;;PUNCT;;;
21438;;влюблённости;ВЛЮБЛЕННОСТЬ;S f inan gen sg;;;атмосфера легкости , _влюблённости_ , атмосфера праздника;и;т;с;о;н;н;S;ВЛЮБЛЕННОСТЬ;S f inan gen sg;Ь
21439;;,;,;PUNCT;;;;;;;;;;PUNCT;;;
21440;;атмосфера;АТМОСФЕРА;S f inan nom sg;;;, влюблённости , _атмосфера_ праздника . ;а;р;е;ф;с;о;S;АТМОСФЕРА;S f inan nom sg;А
21441;;праздника;ПРАЗДНИК;S m inan gen sg;;;влюблённости , атмосфера _праздника_ .  ;а;к;и;н;д;з;S;ПРАЗДНИК;S m inan gen sg;К
21442;;.;.;PUNCT;;;;;;;;;;PUNCT;;;
21443;;;;;;;;;;;;;;;;;
21444;# sent = 1522;;;;;;;;;;;;;;;;
21445;;Праздника;ПРАЗДНИК;S m inan gen sg;;;.   _Праздника_ , который всегда;а;к;и;н;д;з;S;ПРАЗДНИК;S m inan gen sg;К
21446;;,;,;PUNCT;;;;;;;;;;PUNCT;;;
21447;;который;КОТОРЫЙ;APRO - nom sg plen m -;;; Праздника , _который_ всегда с тобой;й;ы;р;о;т;о;APRO;КОТОРЫЙ;A - nom sg plen m -;Й
21448;;всегда;ВСЕГДА;ADVPRO;;;Праздника , который _всегда_ с тобой .;а;д;г;е;с;в;ADV;ВСЕГДА;ADV -;А
21449;;с;С;PR;;;, который всегда _с_ тобой . ;с;;;;;;PR;С;PR;С
21450;;тобой;ТЫ;SPRO sg 2p - ins;;;который всегда с _тобой_ .  ;й;о;б;о;т;;SPRO;ТЫ;SPRO sg 2p - ins;Ы
21451;;.;.;PUNCT;;;;;;;;;;PUNCT;;;
21452;;;;;;;;;;;;;;;;;
21453;# sent = 1523;;;;;;;;;;;;;;;;
21454;;Если;ЕСЛИ;CONJ;;;.   _Если_ бы это сказал;и;л;с;е;;;CONJ;ЕСЛИ;CONJ;И
21455;;бы;БЫ;PART;;;  Если _бы_ это сказал не;ы;б;;;;;PART;БЫ;PART;Ы
21456;;это;ЭТО;SPRO n - acc sg;;; Если бы _это_ сказал не Хемингуэй;о;т;э;;;;SPRO;ЭТО;S n inan acc sg;О
21457;;сказал;СКАЗАТЬ;V pf praet sg indic m -;;;Если бы это _сказал_ не Хемингуэй в;л;а;з;а;к;с;V;СКАЗАТЬ;V pf praet sg indic m -;Ь
21458;;не;НЕ;PART;;;бы это сказал _не_ Хемингуэй в своё;е;н;;;;;PART;НЕ;PART;Е
21459;;Хемингуэй;ХЕМИНГУЭЙ;S m anim nom sg famn;;;это сказал не _Хемингуэй_ в своё время;й;э;у;г;н;и;S;ХЕМИНГУЭЙ;S m anim nom sg;Й
21460;;в;В;PR;;;сказал не Хемингуэй _в_ своё время ,;в;;;;;;PR;В;PR;В
21461;;своё;СВОЙ;APRO - acc sg plen n inan;;;не Хемингуэй в _своё_ время , наверное;ё;о;в;с;;;APRO;СВОЙ;A - acc sg plen n inan;Й
21462;;время;ВРЕМЯ;S n inan acc sg;;;Хемингуэй в своё _время_ , наверное ,;я;м;е;р;в;;S;ВРЕМЯ;S n inan acc sg;Я
21463;;,;,;PUNCT;;;;;;;;;;PUNCT;;;
21464;;наверное;НАВЕРНОЕ;PARENTH;;;своё время , _наверное_ , сказала бы;е;о;н;р;е;в;ADV;НАВЕРНОЕ;ADV -;Е
21465;;,;,;PUNCT;;;;;;;;;;PUNCT;;;
21466;;сказала;СКАЗАТЬ;V pf praet sg indic f -;;;, наверное , _сказала_ бы я .;а;л;а;з;а;к;V;СКАЗАТЬ;V pf praet sg indic f -;Ь
21467;;бы;БЫ;PART;;;наверное , сказала _бы_ я . ;ы;б;;;;;PART;БЫ;PART;Ы
21468;;я;Я;SPRO sg 1p - nom;;;, сказала бы _я_ .  ;я;;;;;;SPRO;Я;SPRO sg 1p - nom;Я
21469;;.;.;PUNCT;;;;;;;;;;PUNCT;;;
21470;;;;;;;;;;;;;;;;;
21471;# sent = 1524;;;;;;;;;;;;;;;;
21472;# speaker = Ольга;;;;;;;;;;;;;;;;
21473;# sent = 1525;;;;;;;;;;;;;;;;
21474;;Город;ГОРОД;S m inan nom sg;;;   _Город_ принимает тебя с;д;о;р;о;г;;S;ГОРОД;S m inan nom sg;Д
21475;;принимает;ПРИНИМАТЬ;V ipf praes sg indic - 3p;;;  Город _принимает_ тебя с самой;т;е;а;м;и;н;V;ПРИНИМАТЬ;V ipf praes sg indic - 3p;Ь
21476;;тебя;ТЫ;SPRO sg 2p - acc;;; Город принимает _тебя_ с самой первой;я;б;е;т;;;SPRO;ТЫ;SPRO sg 2p - acc;Ы
21477;;с;С;PR;;;Город принимает тебя _с_ самой первой минуты;с;;;;;;PR;С;PR;С
21478;;самой;САМЫЙ;APRO gen sg plen f ;;;принимает тебя с _самой_ первой минуты ,;й;о;м;а;с;;A;САМЫЙ;A - loc sg plen f -;Й
21479;;первой;ПЕРВЫЙ;ANUM - gen sg plen f -;;;тебя с самой _первой_ минуты , и;й;о;в;р;е;п;A;ПЕРВЫЙ;A - loc sg plen f -;Й
21480;;минуты;МИНУТА;S f inan gen sg;;;с самой первой _минуты_ , и он;ы;т;у;н;и;м;S;МИНУТА;S f inan gen sg;А
21481;;,;,;PUNCT;;;;;;;;;;PUNCT;;;
21482;;и;И;CONJ;;;первой минуты , _и_ он обнимает тебя;и;;;;;;CONJ;И;CONJ;И
21483;;он;ОН;SPRO sg 3p m nom;;;минуты , и _он_ обнимает тебя как;н;о;;;;;SPRO;ОН;SPRO sg 3p m nom;Н
21484;;обнимает;ОБНИМАТЬ;V ipf praes sg indic - 3p;;;, и он _обнимает_ тебя как своего;т;е;а;м;и;н;V;ОБНИМАТЬ;V ipf praes sg indic - 3p;Ь
21485;;тебя;ТЫ;SPRO sg 2p - acc;;;и он обнимает _тебя_ как своего старого;я;б;е;т;;;SPRO;ТЫ;SPRO sg 2p - acc;Ы
21486;;как;КАК;CONJ;;;он обнимает тебя _как_ своего старого доброго;к;а;к;;;;CONJ;КАК;CONJ;К
21487;;своего;СВОЙ;APRO - acc sg plen m -;;;обнимает тебя как _своего_ старого доброго друга;о;г;е;о;в;с;APRO;СВОЙ;A - gen sg plen m -;Й
21488;;старого;СТАРЫЙ;A - acc sg plen m -;;;тебя как своего _старого_ доброго друга .;о;г;о;р;а;т;A;СТАРЫЙ;A - gen sg plen m -;Й
21489;;доброго;ДОБРЫЙ;A - acc sg plen m -;;;как своего старого _доброго_ друга . ;о;г;о;р;б;о;A;ДОБРЫЙ;A - gen sg plen m -;Й
21490;;друга;ДРУГ;S m anim acc sg;;;своего старого доброго _друга_ .  ;а;г;у;р;д;;S;ДРУГ;S m anim gen sg;Г
21491;;.;.;PUNCT;;;;;;;;;;PUNCT;;;
21492;;;;;;;;;;;;;;;;;
21493;# sent = 1526;;;;;;;;;;;;;;;;
21494;;Ты;ТЫ;SPRO sg 2p - nom;;;.   _Ты_ не чувствуешь себя;ы;т;;;;;SPRO;ТЫ;SPRO sg 2p - nom;Ы
21495;;не;НЕ;PART;;;  Ты _не_ чувствуешь себя туристом;е;н;;;;;PART;НЕ;PART;Е
21496;;чувствуешь;ЧУВСТВОВАТЬ;V ipf praes sg indic - 2p;;; Ты не _чувствуешь_ себя туристом или;ь;ш;е;у;в;т;V;ЧУВСТВОВАТЬ;V ipf praes sg indic - 2p;Ь
21497;;себя;СЕБЯ;SPRO - - - acc;;;Ты не чувствуешь _себя_ туристом или гостем;я;б;е;с;;;SPRO;СЕБЯ;SPRO - - - acc;Я
21498;;туристом;ТУРИСТ;S m anim ins sg;;;не чувствуешь себя _туристом_ или гостем .;м;о;т;с;и;р;S;ТУРИСТ;S m anim ins sg;Т
21499;;или;ИЛИ;CONJ;;;чувствуешь себя туристом _или_ гостем . ;и;л;и;;;;CONJ;ИЛИ;CONJ;И
21500;;гостем;ГОСТЬ;S m anim ins sg;;;себя туристом или _гостем_ .  ;м;е;т;с;о;г;S;ГОСТЬ;S m anim ins sg;Ь
21501;;.;.;PUNCT;;;;;;;;;;PUNCT;;;
21502;;;;;;;;;;;;;;;;;
21503;# sent = 1527;;;;;;;;;;;;;;;;
21504;;Тем не менее;Тем не менее;PARENTH;;;.   _Тем не менее_ , ты там;е;е;н;е;м; ;PARENTH;Тем не менее;ADV -;е
21505;;,;,;PUNCT;;;;;;;;;;PUNCT;;;
21506;;ты;ТЫ;SPRO sg 2p - nom;;; Тем не менее , _ты_ там турист .;ы;т;;;;;SPRO;ТЫ;SPRO sg 2p - nom;Ы
21507;;там;ТАМ;ADVPRO;;;Тем не менее , ты _там_ турист . ;м;а;т;;;;ADV;ТАМ;ADV -;М
21508;;турист;ТУРИСТ;S m anim nom sg;;;, ты там _турист_ .  ;т;с;и;р;у;т;S;ТУРИСТ;S m anim nom sg;Т
21509;;.;.;PUNCT;;;;;;;;;;PUNCT;;;
21510;;;;;;;;;;;;;;;;;
21511;# sent = 1528;;;;;;;;;;;;;;;;
21512;;Турист;ТУРИСТ;S m anim nom sg;;;.   _Турист_ , где всё;т;с;и;р;у;т;S;ТУРИСТ;S m anim nom sg;Т
21513;;,;,;PUNCT;;;;;;;;;;PUNCT;;;
21514;;где;ГДЕ;ADVPRO;;; Турист , _где_ всё знакомо ...;е;д;г;;;;ADV;ГДЕ;ADV -;Е
21515;;всё;ВСЕ;SPRO sg nom n;;;Турист , где _всё_ знакомо ... которому;ё;с;в;;;;ADV;ВСЕ;ADV -;Е
21516;;знакомо;ЗНАКОМЫЙ;A - - sg brev n -;;;, где всё _знакомо_ ... которому всё;о;м;о;к;а;н;A;ЗНАКОМЫЙ;A - - sg brev n -;Й
21517;;...;...;PUNCT;;;;;;;;;;PUNCT;;;
21518;;которому;КОТОРЫЙ;APRO - dat sg plen m -;;;всё знакомо ... _которому_ всё знакомо .;у;м;о;р;о;т;APRO;КОТОРЫЙ;A - dat sg plen m -;Й
21519;;всё;ВСЕ;SPRO sg nom n;;;знакомо ... которому _всё_ знакомо . ;ё;с;в;;;;ADV;ВСЕ;ADV -;Е
21520;;знакомо;ЗНАКОМЫЙ;A - - sg brev n -;;;... которому всё _знакомо_ .  ;о;м;о;к;а;н;A;ЗНАКОМЫЙ;A - - sg brev n -;Й
21521;;.;.;PUNCT;;;;;;;;;;PUNCT;;;
21522;;;;;;;;;;;;;;;;;
21523;# sent = 1529;;;;;;;;;;;;;;;;
21524;;Вот;ВОТ;PART;;;.   _Вот_ Эйфелева башня -;т;о;в;;;;PART;ВОТ;PART;Т
21525;;Эйфелева;ЭЙФЕЛЕВ;A - nom sg plen f -;;;  Вот _Эйфелева_ башня - точно;а;в;е;л;е;ф;A;ЭЙФЕЛЕВ;A - nom sg plen f -;В
21526;;башня;БАШНЯ;S f inan nom sg;;; Вот Эйфелева _башня_ - точно такая;я;н;ш;а;б;;S;БАШНЯ;S f inan nom sg;Я
21527;;-;-;PUNCT;;;;;;;;;;PUNCT;;;
21528;;точно;ТОЧНО;ADV -;;;Эйфелева башня - _точно_ такая же ,;о;н;ч;о;т;;CONJ;ТОЧНО;CONJ;О
21529;;такая;ТАКОЙ;APRO - nom sg plen f -;;;башня - точно _такая_ же , как;я;а;к;а;т;;APRO;ТАКОЙ;A - nom sg plen f -;Й
21530;;же;ЖЕ;PART;;;- точно такая _же_ , как ты;е;ж;;;;;PART;ЖЕ;PART;Е
21531;;,;,;PUNCT;;;;;;;;;;PUNCT;;;
21532;;как;КАК;CONJ;;;такая же , _как_ ты её себе;к;а;к;;;;CONJ;КАК;CONJ;К
21533;;ты;ТЫ;SPRO sg 2p - nom;;;же , как _ты_ её себе и;ы;т;;;;;SPRO;ТЫ;SPRO sg 2p - nom;Ы
21534;;её;ОНА;SPRO sg 3p f acc;;;, как ты _её_ себе и представлял;ё;е;;;;;SPRO;ОНА;SPRO sg 3p f acc;А
21535;;себе;СЕБЯ;SPRO - - - dat;;;как ты её _себе_ и представлял ,;е;б;е;с;;;SPRO;СЕБЯ;SPRO - - - dat;Я
21536;;и;И;PART;;;ты её себе _и_ представлял , когда;и;;;;;;CONJ;И;CONJ;И
21537;;представлял;ПРЕДСТАВЛЯТЬ;V ipf praet sg indic m -;;;её себе и _представлял_ , когда разглядывал;л;я;л;в;а;т;V;ПРЕДСТАВЛЯТЬ;V ipf praet sg indic m -;Ь
21538;;,;,;PUNCT;;;;;;;;;;PUNCT;;;
21539;;когда;КОГДА;CONJ;;;и представлял , _когда_ разглядывал картинки .;а;д;г;о;к;;CONJ;КОГДА;CONJ;А
21540;;разглядывал;РАЗГЛЯДЫВАТЬ;V ipf praet sg indic m -;;;представлял , когда _разглядывал_ картинки . ;л;а;в;ы;д;я;V;РАЗГЛЯДЫВАТЬ;V ipf praet sg indic m -;Ь
21541;;картинки;КАРТИНКА;S f inan acc pl;;;, когда разглядывал _картинки_ .  ;и;к;н;и;т;р;S;КАРТИНКА;S f inan acc pl;А
21542;;.;.;PUNCT;;;;;;;;;;PUNCT;;;
21543;;;;;;;;;;;;;;;;;
21544;# sent = 1530;;;;;;;;;;;;;;;;
21545;;А;А;PART;;;.   _А_ вот Марсово поле;а;;;;;;CONJ;А;CONJ;А
21546;;вот;ВОТ;PART;;;  А _вот_ Марсово поле ,;т;о;в;;;;PART;ВОТ;PART;Т
21547;;Марсово;МАРСОВЫЙ;A - acc sg plen n inan;;; А вот _Марсово_ поле , где;о;в;о;с;р;а;A;МАРСОВЫЙ;A - acc sg plen n inan;Й
21548;;поле;ПОЛЕ;S n inan nom sg;;;А вот Марсово _поле_ , где парижане;е;л;о;п;;;S;ПОЛЕ;S n inan acc sg;Е
21549;;,;,;PUNCT;;;;;;;;;;PUNCT;;;
21550;;где;ГДЕ;ADVPRO;;;Марсово поле , _где_ парижане и парижанки;е;д;г;;;;ADV;ГДЕ;ADV -;Е
21551;;парижане;ПАРИЖАНИН;S m anim nom pl;;;поле , где _парижане_ и парижанки ...;е;н;а;ж;и;р;S;ПАРИЖАНИН;S m anim nom pl;Н
21552;;и;И;CONJ;;;, где парижане _и_ парижанки ... отдыхают;и;;;;;;CONJ;И;CONJ;И
21553;;парижанки;ПАРИЖАНКА;S f anim nom pl;;;где парижане и _парижанки_ ... отдыхают ,;и;к;н;а;ж;и;S;ПАРИЖАНКА;S m inan gen sg;А
21554;;...;...;PUNCT;;;;;;;;;;PUNCT;;;
21555;;отдыхают;ОТДЫХАТЬ;V ipf praes pl indic - 3p;;;и парижанки ... _отдыхают_ , летом лёжа;т;ю;а;х;ы;д;V;ОТДЫХАТЬ;V ipf praes pl indic - 3p;Ь
21556;;,;,;PUNCT;;;;;;;;;;PUNCT;;;
21557;;летом;ЛЕТО;S n inan ins sg;;;... отдыхают , _летом_ лёжа прямо на;м;о;т;е;л;;S;ЛЕТО;S n inan ins sg;О
21558;;лёжа;ЛЕЖА;ADV -;;;отдыхают , летом _лёжа_ прямо на траве;а;ж;ё;л;;;ADV;ЛЕЖА;ADV -;А
21559;;прямо;ПРЯМО;PART;;;, летом лёжа _прямо_ на траве загорают;о;м;я;р;п;;PART;ПРЯМО;PART;О
21560;;на;НА;PR;;;летом лёжа прямо _на_ траве загорают ,;а;н;;;;;PR;НА;PR;А
21561;;траве;ТРАВА;S f inan loc2 sg;;;лёжа прямо на _траве_ загорают , читают;е;в;а;р;т;;S;ТРАВА;S f inan loc sg;А
21562;;загорают;ЗАГОРАТЬ;V ipf praes pl indic - 3p;;;прямо на траве _загорают_ , читают ,;т;ю;а;р;о;г;V;ЗАГОРАТЬ;V ipf praes pl indic - 3p;Ь
21563;;,;,;PUNCT;;;;;;;;;;PUNCT;;;
21564;;читают;ЧИТАТЬ;V ipf praes pl indic - 3p;;;траве загорают , _читают_ , целуются .;т;ю;а;т;и;ч;V;ЧИТАТЬ;V ipf praes pl indic - 3p;Ь
21565;;,;,;PUNCT;;;;;;;;;;PUNCT;;;
21566;;целуются;ЦЕЛОВАТЬСЯ;V ipf praes pl indic - 3p;;;, читают , _целуются_ .  ;я;с;т;ю;у;л;V;ЦЕЛОВАТЬСЯ;V ipf praes pl indic - 3p;Я
21567;;.;.;PUNCT;;;;;;;;;;PUNCT;;;
21568;;;;;;;;;;;;;;;;;
21569;# sent = 1531;;;;;;;;;;;;;;;;
21570;;Или;ИЛИ;CONJ;;;.   _Или_ просто смотрят на;и;л;и;;;;CONJ;ИЛИ;CONJ;И
21571;;просто;ПРОСТО;PART;;;  Или _просто_ смотрят на верхушку;о;т;с;о;р;п;PART;ПРОСТО;PART;О
21572;;смотрят;СМОТРЕТЬ;V ipf praes pl indic - 3p;;; Или просто _смотрят_ на верхушку Эйфелевой;т;я;р;т;о;м;V;СМОТРЕТЬ;V ipf praes pl indic - 3p;Ь
21573;;на;НА;PR;;;Или просто смотрят _на_ верхушку Эйфелевой башни;а;н;;;;;PR;НА;PR;А
21574;;верхушку;ВЕРХУШКА;S f inan acc sg;;;просто смотрят на _верхушку_ Эйфелевой башни .;у;к;ш;у;х;р;S;ВЕРХУШКА;S f inan acc sg;А
21575;;Эйфелевой;ЭЙФЕЛЕВЫЙ;A - gen sg plen f -;;;смотрят на верхушку _Эйфелевой_ башни . ;й;о;в;е;л;е;A;ЭЙФЕЛЕВЫЙ;A - gen sg plen f -;Й
21576;;башни;БАШНЯ;S f inan gen sg;;;на верхушку Эйфелевой _башни_ .  ;и;н;ш;а;б;;S;БАШНЯ;S f inan gen sg;Я
21577;;.;.;PUNCT;;;;;;;;;;PUNCT;;;
21578;;;;;;;;;;;;;;;;;
21579;# sent = 1532;;;;;;;;;;;;;;;;
21580;;Даже;ДАЖЕ;PART;;;.   _Даже_ , может быть;е;ж;а;д;;;PART;ДАЖЕ;PART;Е
21581;;,;,;PUNCT;;;;;;;;;;PUNCT;;;
21582;;может;МОЧЬ;V ipf praes sg indic - 3p;слитно;; Даже , _может_ быть , и;т;е;ж;о;м;;V;МОЧЬ;V ipf praes sg indic - 3p;Ь
21583;;быть;БЫТЬ;V ipf - - inf - -;;;Даже , может _быть_ , и не;ь;т;ы;б;;;V;БЫТЬ;V ipf - - inf - -;Ь
21584;;,;,;PUNCT;;;;;;;;;;PUNCT;;;
21585;;и;И;PART;;;может быть , _и_ не подразумевая ,;и;;;;;;CONJ;И;CONJ;И
21586;;не;НЕ;PART;;;быть , и _не_ подразумевая , что;е;н;;;;;PART;НЕ;PART;Е
21587;;подразумевая;ПОДРАЗУМЕВАТЬ;V ipf praes - ger - -;;;, и не _подразумевая_ , что оттуда;я;а;в;е;м;у;V;ПОДРАЗУМЕВАТЬ;V ipf praes - ger - -;Ь
21588;;,;,;PUNCT;;;;;;;;;;PUNCT;;;
21589;;что;ЧТО;CONJ;;;не подразумевая , _что_ оттуда кто-то на;о;т;ч;;;;CONJ;ЧТО;CONJ;О
21590;;оттуда;ОТТУДА;ADVPRO;;;подразумевая , что _оттуда_ кто-то на них;а;д;у;т;т;о;ADV;ОТТУДА;ADV -;А
21591;;кто-то;КТО-ТО;SPRO - - nom -;;;, что оттуда _кто-то_ на них и;о;т;-;о;т;к;S;КТО-ТО;S m - nom sg;О
21592;;на;НА;PR;;;что оттуда кто-то _на_ них и плюёт;а;н;;;;;PR;НА;PR;А
21593;;них;ОНИ;SPRO pl - - acc;;;оттуда кто-то на _них_ и плюёт ;х;и;н;;;;SPRO;ОНИ;SPRO pl - - loc;И
21594;;и;И;PART;;;кто-то на них _и_ плюёт  смеётся;и;;;;;;CONJ;И;CONJ;И
21595;;плюёт;ПЛЕВАТЬ;V ipf praes sg indic - 3p;;;на них и _плюёт_  смеётся ;т;ё;ю;л;п;;V;ПЛЕВАТЬ;V ipf praes sg indic - 3p;Ь
21596;"<span class=""note"">";;;;;;;;;;;;;;;;
21597;<note>;смеётся;;;;;;;;;;;;;;;
21598;</span>;;;;;;;;;;;;;;;;
21599;;.;.;PUNCT;;;;;;;;;;PUNCT;;;
21600;;;;;;;;;;;;;;;;;
21601;# sent = 1533;;;;;;;;;;;;;;;;
21602;;Вот;ВОТ;PART;;;.   _Вот_ вечно шумный и;т;о;в;;;;PART;ВОТ;PART;Т
21603;;вечно;ВЕЧНО;ADV -;;;  Вот _вечно_ шумный и весёлый;о;н;ч;е;в;;ADV;ВЕЧНО;ADV -;О
21604;;шумный;ШУМНЫЙ;A - nom sg plen m -;;; Вот вечно _шумный_ и весёлый ,;й;ы;н;м;у;ш;A;ШУМНЫЙ;A - nom sg plen m -;Й
21605;;и;И;CONJ;;;Вот вечно шумный _и_ весёлый , бурлящий;и;;;;;;CONJ;И;CONJ;И
21606;;весёлый;ВЕСЕЛЫЙ;A - nom sg plen m -;;;вечно шумный и _весёлый_ , бурлящий ,;й;ы;л;ё;с;е;A;ВЕСЕЛЫЙ;A - nom sg plen m -;Й
21607;;,;,;PUNCT;;;;;;;;;;PUNCT;;;
21608;;бурлящий;БУРЛИТЬ;V partcp ipf praes nom sg plen m act inan;;;и весёлый , _бурлящий_ , я бы;й;и;щ;я;л;р;PARTCP;БУРЛИТЬ;PARTCP ipf inpraes acc sg plen m act inan;Ь
21609;;,;,;PUNCT;;;;;;;;;;PUNCT;;;
21610;;я;Я;SPRO sg 1p - nom;;;, бурлящий , _я_ бы сказала ,;я;;;;;;SPRO;Я;SPRO sg 1p - nom;Я
21611;;бы;БЫ;PART;;;бурлящий , я _бы_ сказала , Champs;ы;б;;;;;PART;БЫ;PART;Ы
21612;;сказала;СКАЗАТЬ;V pf praet sg indic f -;;;, я бы _сказала_ , Champs -;а;л;а;з;а;к;V;СКАЗАТЬ;V pf praet sg indic f -;Ь
21613;;,;,;PUNCT;;;;;;;;;;PUNCT;;;
21614;;Champs;;;;;бы сказала , _Champs_ - ?lys?es с;s;p;m;a;h;c;NONLEX;CHAMPS;NONLEX;
21615;;-;-;PUNCT;;;;;;;;;;PUNCT;;;
21616;;?lys?es;;;;;, Champs - _?lys?es_ с Триумфальной Аркой;s;e;?;s;y;l;NONLEX;?LYS?ES;NONLEX;
21617;;с;С;PR;;;Champs - ?lys?es _с_ Триумфальной Аркой .;с;;;;;;PR;С;PR;С
21618;;Триумфальной;ТРИУМФАЛЬНЫЙ;A - ins sg plen f -;;;- ?lys?es с _Триумфальной_ Аркой . ;й;о;н;ь;л;а;A;ТРИУМФАЛЬНЫЙ;A - ins sg plen f -;Й
21619;;Аркой;АРКА;S f inan ins sg;;;?lys?es с Триумфальной _Аркой_ .  ;й;о;к;р;а;;S;АРКА;S f inan ins sg;А
21620;;.;.;PUNCT;;;;;;;;;;PUNCT;;;
21621;;;;;;;;;;;;;;;;;
21622;# sent = 1534;;;;;;;;;;;;;;;;
21623;;Сколько;СКОЛЬКО;NUM nom;;;.   _Сколько_ , казалось бы;о;к;ь;л;о;к;ADV;СКОЛЬКО;ADV -;О
21624;;,;,;PUNCT;;;;;;;;;;PUNCT;;;
21625;;казалось;КАЗАТЬСЯ;V ipf praet sg indic n -;;; Сколько , _казалось_ бы , их;ь;с;о;л;а;з;V;КАЗАТЬСЯ;V ipf praet sg indic n -;Я
21626;;бы;БЫ;PART;;;Сколько , казалось _бы_ , их в;ы;б;;;;;PART;БЫ;PART;Ы
21627;;,;,;PUNCT;;;;;;;;;;PUNCT;;;
21628;;их;ОНИ;SPRO pl - - gen;;;казалось бы , _их_ в мире -;х;и;;;;;SPRO;ОНИ;SPRO pl - - acc;И
21629;;в;В;PR;;;бы , их _в_ мире - этих;в;;;;;;PR;В;PR;В
21630;;мире;МИР;S m inan loc2 sg;;;, их в _мире_ - этих Триумфальных;е;р;и;м;;;S;МИР;S m inan loc sg;Р
21631;;-;-;PUNCT;;;;;;;;;;PUNCT;;;
21632;;этих;ЭТОТ;APRO - gen pl plen - -;;;в мире - _этих_ Триумфальных арок ,;х;и;т;э;;;APRO;ЭТОТ;A - gen pl plen - -;Т
21633;;Триумфальных;ТРИУМФАЛЬНЫЙ;A - gen pl plen - -;;;мире - этих _Триумфальных_ арок , мда;х;ы;н;ь;л;а;A;ТРИУМФАЛЬНЫЙ;A - gen pl plen - -;Й
21634;;арок;АРКА;S f inan gen pl;;;- этих Триумфальных _арок_ , мда ,;к;о;р;а;;;S;АРКА;S f inan gen pl;А
21635;;,;,;PUNCT;;;;;;;;;;PUNCT;;;
21636;;мда;МДА;INTJ;;;Триумфальных арок , _мда_ , но и;а;д;м;;;;INTJ;МДА;INTJ;А
21637;;,;,;PUNCT;;;;;;;;;;PUNCT;;;
21638;;но;НО;CONJ;;;, мда , _но_ и в Париже;о;н;;;;;CONJ;НО;CONJ;О
21639;;и;И;PART;;;мда , но _и_ в Париже их;и;;;;;;CONJ;И;CONJ;И
21640;;в;В;PR;;;, но и _в_ Париже их несколько;в;;;;;;PR;В;PR;В
21641;;Париже;ПАРИЖ;S m inan loc2 sg;;;но и в _Париже_ их несколько ,;е;ж;и;р;а;п;S;ПАРИЖ;S m inan loc sg;Ж
21642;;их;ОНИ;SPRO pl - - gen;;;и в Париже _их_ несколько , но;х;и;;;;;SPRO;ОНИ;SPRO pl - - acc;И
21643;;несколько;НЕСКОЛЬКО;NUM nom;;;в Париже их _несколько_ , но это;о;к;ь;л;о;к;ADV;НЕСКОЛЬКО;ADV -;О
21644;;,;,;PUNCT;;;;;;;;;;PUNCT;;;
21645;;но;НО;CONJ;;;их несколько , _но_ это именно та;о;н;;;;;CONJ;НО;CONJ;О
21646;;это;ЭТО;SPRO n - nom sg;;;несколько , но _это_ именно та самая;о;т;э;;;;SPRO;ЭТО;S n - nom sg;О
21647;;именно;ИМЕННО;PART;;;, но это _именно_ та самая .;о;н;н;е;м;и;PART;ИМЕННО;PART;О
21648;;та;ТОТ;APRO nom sg f ;;;но это именно _та_ самая . ;а;т;;;;;A;ТОТ;A - nom sg plen f -;Т
21649;;самая;САМЫЙ;APRO nom sg f ;;;это именно та _самая_ .  ;я;а;м;а;с;;A;САМЫЙ;A - nom sg plen f -;Й
21650;;.;.;PUNCT;;;;;;;;;;PUNCT;;;
21651;;;;;;;;;;;;;;;;;
21652;# sent = 1535;;;;;;;;;;;;;;;;
21653;;Она;ОНА;SPRO sg 3p f nom;;;.   _Она_ .  ;а;н;о;;;;SPRO;ОНА;SPRO sg 3p f nom;А
21654;;.;.;PUNCT;;;;;;;;;;PUNCT;;;
21655;;;;;;;;;;;;;;;;;
21656;# sent = 1536;;;;;;;;;;;;;;;;
21657;;Единственная;ЕДИНСТВЕННЫЙ;A - nom sg plen f -;;;.   _Единственная_ , неповторимая ,;я;а;н;н;е;в;A;ЕДИНСТВЕННЫЙ;A - nom sg plen f -;Й
21658;;,;,;PUNCT;;;;;;;;;;PUNCT;;;
21659;;неповторимая;НЕПОВТОРИМЫЙ;A - nom sg plen f -;;; Единственная , _неповторимая_ , настоящая ,;я;а;м;и;р;о;A;НЕПОВТОРИМЫЙ;A - nom sg plen f -;Й
21660;;,;,;PUNCT;;;;;;;;;;PUNCT;;;
21661;;настоящая;НАСТОЯЩИЙ;A - nom sg plen f -;;;, неповторимая , _настоящая_ , через которую;я;а;щ;я;о;т;A;НАСТОЯЩИЙ;A - nom sg plen f -;Й
21662;;,;,;PUNCT;;;;;;;;;;PUNCT;;;
21663;;через;ЧЕРЕЗ;PR;;;, настоящая , _через_ которую Наполеон .;з;е;р;е;ч;;PR;ЧЕРЕЗ;PR;З
21664;;которую;КОТОРЫЙ;APRO - acc sg plen f -;;;настоящая , через _которую_ Наполеон . ;ю;у;р;о;т;о;APRO;КОТОРЫЙ;A - acc sg plen f -;Й
21665;;Наполеон;НАПОЛЕОН;S m anim nom sg persn;;;, через которую _Наполеон_ .  ;н;о;е;л;о;п;S;НАПОЛЕОН;S m anim nom sg;Н
21666;;.;.;PUNCT;;;;;;;;;;PUNCT;;;
21667;;;;;;;;;;;;;;;;;
21668;# sent = 1537;;;;;;;;;;;;;;;;
21669;;А;А;PART;;;.   _А_ вот и Лувр;а;;;;;;CONJ;А;CONJ;А
21670;;вот;ВОТ;PART;;;  А _вот_ и Лувр со;т;о;в;;;;PART;ВОТ;PART;Т
21671;;и;И;PART;;; А вот _и_ Лувр со стеклянными;и;;;;;;CONJ;И;CONJ;И
21672;;Лувр;ЛУВР;S m inan nom sg;;;А вот и _Лувр_ со стеклянными ...;р;в;у;л;;;S;ЛУВР;S m inan nom sg;Р
21673;;со;СО;PR;;;вот и Лувр _со_ стеклянными ... отражениями;о;с;;;;;PR;СО;PR;О
21674;;стеклянными;СТЕКЛЯННЫЙ;A - ins pl plen - -;;;и Лувр со _стеклянными_ ... отражениями зеркал;и;м;ы;н;н;я;A;СТЕКЛЯННЫЙ;A - ins pl plen - -;Й
21675;;...;...;PUNCT;;;;;;;;;;PUNCT;;;
21676;;отражениями;ОТРАЖЕНИЕ;S n inan ins pl;;;со стеклянными ... _отражениями_ зеркал пирамиды .;и;м;я;и;н;е;S;ОТРАЖЕНИЕ;S n inan ins pl;Е
21677;;зеркал;ЗЕРКАЛО;S n inan gen pl;;;стеклянными ... отражениями _зеркал_ пирамиды . ;л;а;к;р;е;з;S;ЗЕРКАЛО;S n inan gen pl;О
21678;;пирамиды;ПИРАМИДА;S f inan gen sg;;;... отражениями зеркал _пирамиды_ .  ;ы;д;и;м;а;р;S;ПИРАМИДА;S f inan gen sg;А
21679;;.;.;PUNCT;;;;;;;;;;PUNCT;;;
21680;;;;;;;;;;;;;;;;;
21681;# sent = 1538;;;;;;;;;;;;;;;;
21682;;А;А;PART;;;.   _А_ вот и Мон;а;;;;;;CONJ;А;CONJ;А
21683;;вот;ВОТ;PART;;;  А _вот_ и Мон -;т;о;в;;;;PART;ВОТ;PART;Т
21684;;и;И;PART;;; А вот _и_ Мон - Парнас;и;;;;;;CONJ;И;CONJ;И
21685;;Мон;МОН;S m inan nom sg;;;А вот и _Мон_ - Парнас ,;н;о;м;;;;S;МОН;S m anim nom sg;Н
21686;;-;-;PUNCT;;;;;;;;;;PUNCT;;;
21687;;Парнас;ПАРНАС;S m inan nom sg;;;и Мон - _Парнас_ , знаменитый хотя бы;с;а;н;р;а;п;S;ПАРНАС;S m inan acc sg;С
21688;;,;,;PUNCT;;;;;;;;;;PUNCT;;;
21689;;знаменитый;ЗНАМЕНИТЫЙ;A - nom sg plen m -;;;- Парнас , _знаменитый_ хотя бы тем ,;й;ы;т;и;н;е;A;ЗНАМЕНИТЫЙ;A - nom sg plen m -;Й
21690;;хотя бы;хотя бы;PART;раздельно;;Парнас , знаменитый _хотя бы_ тем , что;ы;б; ;я;т;о;ADV;хотя бы;ADV -;ы
21691;;тем;ТО;SPRO n - ins sg;;;, знаменитый хотя бы _тем_ , что это;м;е;т;;;;SPRO;ТО;S n - ins sg;О
21692;;,;,;PUNCT;;;;;;;;;;PUNCT;;;
21693;;что;ЧТО;CONJ;;;хотя бы тем , _что_ это единственное здание;о;т;ч;;;;CONJ;ЧТО;CONJ;О
21694;;это;ЭТО;SPRO n - nom sg;;;тем , что _это_ единственное здание в;о;т;э;;;;SPRO;ЭТО;S n - nom sg;О
21695;;единственное;ЕДИНСТВЕННЫЙ;A - nom sg plen n -;;;, что это _единственное_ здание в Париже;е;о;н;н;е;в;A;ЕДИНСТВЕННЫЙ;A - nom sg plen n -;Й
21696;;здание;ЗДАНИЕ;S n inan nom sg;;;что это единственное _здание_ в Париже ,;е;и;н;а;д;з;S;ЗДАНИЕ;S n inan nom sg;Е
21697;;в;В;PR;;;это единственное здание _в_ Париже , с;в;;;;;;PR;В;PR;В
21698;;Париже;ПАРИЖ;S m inan loc2 sg;;;единственное здание в _Париже_ , с крыши;е;ж;и;р;а;п;S;ПАРИЖ;S m inan loc sg;Ж
21699;;,;,;PUNCT;;;;;;;;;;PUNCT;;;
21700;;с;С;PR;;;в Париже , _с_ крыши которого можно;с;;;;;;PR;С;PR;С
21701;;крыши;КРЫША;S f inan gen sg;;;Париже , с _крыши_ которого можно возвыситься;и;ш;ы;р;к;;S;КРЫША;S f inan gen sg;А
21702;;которого;КОТОРЫЙ;APRO - gen sg plen m -;;;, с крыши _которого_ можно возвыситься даже;о;г;о;р;о;т;APRO;КОТОРЫЙ;A - gen sg plen m -;Й
21703;;можно;МОЖНО;PRAEDIC;;;с крыши которого _можно_ возвыситься даже над;о;н;ж;о;м;;PRAEDIC;МОЖНО;PRAEDIC;О
21704;;возвыситься;ВОЗВЫСИТЬСЯ;V pf - - inf - -;;;крыши которого можно _возвыситься_ даже над Эйфелевой;я;с;ь;т;и;с;V;ВОЗВЫСИТЬСЯ;V pf - - inf - -;Я
21705;;даже;ДАЖЕ;PART;;;которого можно возвыситься _даже_ над Эйфелевой башней;е;ж;а;д;;;PART;ДАЖЕ;PART;Е
21706;;над;НАД;PR;;;можно возвыситься даже _над_ Эйфелевой башней .;д;а;н;;;;PR;НАД;PR;Д
21707;;Эйфелевой;ЭЙФЕЛЕВЫЙ;A - ins sg plen f -;;;возвыситься даже над _Эйфелевой_ башней . ;й;о;в;е;л;е;A;ЭЙФЕЛЕВЫЙ;A - ins sg plen f -;Й
21708;;башней;БАШНЯ;S f inan ins sg;;;даже над Эйфелевой _башней_ .  ;й;е;н;ш;а;б;S;БАШНЯ;S f inan ins sg;Я
21709;;.;.;PUNCT;;;;;;;;;;PUNCT;;;
21710;;;;;;;;;;;;;;;;;
21711;# sent = 1539;;;;;;;;;;;;;;;;
21712;# speaker = Ольга;;;;;;;;;;;;;;;;
21713;# sent = 1540;;;;;;;;;;;;;;;;
21714;;Ты;ТЫ;SPRO sg 2p - nom;;;   _Ты_ гуляешь , ты;ы;т;;;;;SPRO;ТЫ;SPRO sg 2p - nom;Ы
21715;;гуляешь;ГУЛЯТЬ;V ipf praes sg indic - 2p;;;  Ты _гуляешь_ , ты погружаешься;ь;ш;е;я;л;у;V;ГУЛЯТЬ;V ipf praes sg indic - 2p;Ь
21716;;,;,;PUNCT;;;;;;;;;;PUNCT;;;
21717;;ты;ТЫ;SPRO sg 2p - nom;;;Ты гуляешь , _ты_ погружаешься в эту;ы;т;;;;;SPRO;ТЫ;SPRO sg 2p - nom;Ы
21718;;погружаешься;ПОГРУЖАТЬСЯ;V ipf praes sg indic - 2p;;;гуляешь , ты _погружаешься_ в эту атмосферу;я;с;ь;ш;е;а;V;ПОГРУЖАТЬСЯ;V ipf praes sg indic - 2p;Я
21719;;в;В;PR;;;, ты погружаешься _в_ эту атмосферу ,;в;;;;;;PR;В;PR;В
21720;;эту;ЭТОТ;APRO - acc sg plen f -;;;ты погружаешься в _эту_ атмосферу , в;у;т;э;;;;APRO;ЭТОТ;A - acc sg plen f -;Т
21721;;атмосферу;АТМОСФЕРА;S f inan acc sg;;;погружаешься в эту _атмосферу_ , в твоих;у;р;е;ф;с;о;S;АТМОСФЕРА;S f inan acc sg;А
21722;;,;,;PUNCT;;;;;;;;;;PUNCT;;;
21723;;в;В;PR;;;эту атмосферу , _в_ твоих ушах уже;в;;;;;;PR;В;PR;В
21724;;твоих;ТВОЙ;APRO - loc2 pl plen - -;;;атмосферу , в _твоих_ ушах уже ,;х;и;о;в;т;;APRO;ТВОЙ;A - loc pl plen - -;Й
21725;;ушах;УХО;S n inan loc2 pl;;;, в твоих _ушах_ уже , кажется;х;а;ш;у;;;S;УХО;S n inan loc pl;О
21726;;уже;УЖЕ;ADV -;;;в твоих ушах _уже_ , кажется ,;е;ж;у;;;;ADV;УЖЕ;ADV -;Е
21727;;,;,;PUNCT;;;;;;;;;;PUNCT;;;
21728;;кажется;КАЖЕТСЯ;PARENTH;;;ушах уже , _кажется_ , звучит голос;я;с;т;е;ж;а;ADV;КАЖЕТСЯ;ADV -;Я
21729;;,;,;PUNCT;;;;;;;;;;PUNCT;;;
21730;;звучит;ЗВУЧАТЬ;V ipf praes sg indic - 3p;;;, кажется , _звучит_ голос Эдит Пиаф;т;и;ч;у;в;з;V;ЗВУЧАТЬ;V ipf praes sg indic - 3p;Ь
21731;;голос;ГОЛОС;S m inan nom sg;;;кажется , звучит _голос_ Эдит Пиаф .;с;о;л;о;г;;S;ГОЛОС;S m inan nom sg;С
21732;;Эдит;ЭДИТ;S f anim gen sg persn 0;;;, звучит голос _Эдит_ Пиаф . ;т;и;д;э;;;S;ЭДИТ;S f anim nom sg;Т
21733;;Пиаф;ПИАФ;S f anim gen sg famn 0;;;звучит голос Эдит _Пиаф_ .  ;ф;а;и;п;;;S;ПИАФ;S f anim nom sg;Ф
21734;;.;.;PUNCT;;;;;;;;;;PUNCT;;;
21735;;;;;;;;;;;;;;;;;
21736;# sent = 1541;;;;;;;;;;;;;;;;
21737;;И;И;PART;;;.   _И_ , кажется ,;и;;;;;;CONJ;И;CONJ;И
21738;;,;,;PUNCT;;;;;;;;;;PUNCT;;;
21739;;кажется;КАЗАТЬСЯ;PARENTH;;; И , _кажется_ , ещё немного;я;с;т;е;ж;а;V;КАЗАТЬСЯ;V ipf praes sg indic - 3p;Я
21740;;,;,;PUNCT;;;;;;;;;;PUNCT;;;
21741;;ещё;ЕЩЕ;ADV -;;;, кажется , _ещё_ немного , вот-вот;ё;щ;е;;;;ADV;ЕЩЕ;ADV -;Е
21742;;немного;НЕМНОГО;ADV -;;;кажется , ещё _немного_ , вот-вот ,;о;г;о;н;м;е;ADV;НЕМНОГО;ADV -;О
21743;;,;,;PUNCT;;;;;;;;;;PUNCT;;;
21744;;вот-вот;ВОТ-ВОТ;ADV -;;;ещё немного , _вот-вот_ , свернув за;т;о;в;-;т;о;ADV;ВОТ-ВОТ;ADV -;Т
21745;;,;,;PUNCT;;;;;;;;;;PUNCT;;;
21746;;свернув;СВЕРНУТЬ;V pf praet - ger - -;;;, вот-вот , _свернув_ за угол ,;в;у;н;р;е;в;V;СВЕРНУТЬ;V pf praet - ger - -;Ь
21747;;за;ЗА;PR;;;вот-вот , свернув _за_ угол , можно;а;з;;;;;PR;ЗА;PR;А
21748;;угол;УГОЛ;S m inan acc sg;;;, свернув за _угол_ , можно встретить;л;о;г;у;;;S;УГОЛ;S m inan acc sg;Л
21749;;,;,;PUNCT;;;;;;;;;;PUNCT;;;
21750;;можно;МОЖНО;PRAEDIC;;;за угол , _можно_ встретить Жерара Депардье;о;н;ж;о;м;;PRAEDIC;МОЖНО;PRAEDIC;О
21751;;встретить;ВСТРЕТИТЬ;V pf - - inf - -;;;угол , можно _встретить_ Жерара Депардье ,;ь;т;и;т;е;р;V;ВСТРЕТИТЬ;V pf - - inf - -;Ь
21752;;Жерара;ЖЕРАР;S m anim acc persn sg;;;, можно встретить _Жерара_ Депардье , Софи;а;р;а;р;е;ж;S;ЖЕРАР;S m anim gen sg;Р
21753;;Депардье;ДЕПАРДЬЕ;S m anim acc sg famn 0;;;можно встретить Жерара _Депардье_ , Софи Марсо;е;ь;д;р;а;п;S;ДЕПАРДЬЕ;S - anim gen sg;Е
21754;;,;,;PUNCT;;;;;;;;;;PUNCT;;;
21755;;Софи;СОФИ;S f anim gen sg persn 0;;;Жерара Депардье , _Софи_ Марсо , в;и;ф;о;с;;;S;СОФИ;S f anim nonflex -;И
21756;;Марсо;МАРСО;S f anim acc sg famn 0;;;Депардье , Софи _Марсо_ , в общем;о;с;р;а;м;;S;МАРСО;S - anim nonflex -;О
21757;;,;,;PUNCT;;;;;;;;;;PUNCT;;;
21758;;в;В;PR;;;Софи Марсо , _в_ общем , Париж;в;;;;;;PR;В;PR;В
21759;;общем;ОБЩИЙ;A - loc sg plen - -;;;Марсо , в _общем_ , Париж -;м;е;щ;б;о;;A;ОБЩИЙ;A - loc sg plen m -;Й
21760;;,;,;PUNCT;;;;;;;;;;PUNCT;;;
21761;;Париж;ПАРИЖ;S m inan nom sg;;;в общем , _Париж_ - это твой;ж;и;р;а;п;;S;ПАРИЖ;S m inan acc sg;Ж
21762;;-;-;PUNCT;;;;;;;;;;PUNCT;;;
21763;;это;ЭТО;SPRO n - nom sg;;;, Париж - _это_ твой город .;о;т;э;;;;SPRO;ЭТО;S n - nom sg;О
21764;;твой;ТВОЙ;APRO - nom sg plen m -;;;Париж - это _твой_ город . ;й;о;в;т;;;APRO;ТВОЙ;A - nom sg plen m -;Й
21765;;город;ГОРОД;S m inan nom sg;;;- это твой _город_ .  ;д;о;р;о;г;;S;ГОРОД;S m inan nom sg;Д
21766;;.;.;PUNCT;;;;;;;;;;PUNCT;;;
21767;;;;;;;;;;;;;;;;;
21768;# sent = 1542;;;;;;;;;;;;;;;;
21769;;А;А;PART;;;.   _А_ ты , кажется;а;;;;;;CONJ;А;CONJ;А
21770;;ты;ТЫ;SPRO sg 2p - nom;;;  А _ты_ , кажется ,;ы;т;;;;;SPRO;ТЫ;SPRO sg 2p - nom;Ы
21771;;,;,;PUNCT;;;;;;;;;;PUNCT;;;
21772;;кажется;КАЖЕТСЯ;PARENTH;;;А ты , _кажется_ , блудный сын;я;с;т;е;ж;а;ADV;КАЖЕТСЯ;ADV -;Я
21773;;,;,;PUNCT;;;;;;;;;;PUNCT;;;
21774;;блудный;БЛУДНЫЙ;A - nom sg plen m -;;;, кажется , _блудный_ сын , который;й;ы;н;д;у;л;A;БЛУДНЫЙ;A - nom sg plen m -;Й
21775;;сын;СЫН;S m anim nom sg;;;кажется , блудный _сын_ , который возвратился;н;ы;с;;;;S;СЫН;S m anim nom sg;Н
21776;;,;,;PUNCT;;;;;;;;;;PUNCT;;;
21777;;который;КОТОРЫЙ;APRO - nom sg plen m -;;;блудный сын , _который_ возвратился в родной;й;ы;р;о;т;о;APRO;КОТОРЫЙ;A - nom sg plen m -;Й
21778;;возвратился;ВОЗВРАТИТЬСЯ;V pf praet sg indic m -;;;сын , который _возвратился_ в родной дом;я;с;л;и;т;а;V;ВОЗВРАТИТЬСЯ;V pf praet sg indic m -;Я
21779;;в;В;PR;;;, который возвратился _в_ родной дом и;в;;;;;;PR;В;PR;В
21780;;родной;РОДНОЙ;A - acc sg plen m inan;;;который возвратился в _родной_ дом и он;й;о;н;д;о;р;A;РОДНОЙ;A - acc sg plen m inan;Й
21781;;дом;ДОМ;S m inan acc sg;;;возвратился в родной _дом_ и он тебя;м;о;д;;;;S;ДОМ;S m inan acc sg;М
21782;;и;И;CONJ;;;в родной дом _и_ он тебя принимает;и;;;;;;CONJ;И;CONJ;И
21783;;он;ОН;SPRO sg 3p m nom;;;родной дом и _он_ тебя принимает ,;н;о;;;;;SPRO;ОН;SPRO sg 3p m nom;Н
21784;;тебя;ТЫ;SPRO sg 2p - acc;;;дом и он _тебя_ принимает , да;я;б;е;т;;;SPRO;ТЫ;SPRO sg 2p - acc;Ы
21785;;принимает;ПРИНИМАТЬ;V ipf praes sg indic - 3p;;;и он тебя _принимает_ , да ,;т;е;а;м;и;н;V;ПРИНИМАТЬ;V ipf praes sg indic - 3p;Ь
21786;;,;,;PUNCT;;;;;;;;;;PUNCT;;;
21787;;да;ДА;PART;;;тебя принимает , _да_ , Париж -;а;д;;;;;CONJ;ДА;CONJ;А
21788;;,;,;PUNCT;;;;;;;;;;PUNCT;;;
21789;;Париж;ПАРИЖ;S m inan nom sg;;;, да , _Париж_ - это твой;ж;и;р;а;п;;S;ПАРИЖ;S m inan nom sg;Ж
21790;;-;-;PUNCT;;;;;;;;;;PUNCT;;;
21791;;это;ЭТО;SPRO n - nom sg;;;, Париж - _это_ твой город .;о;т;э;;;;SPRO;ЭТО;S n - nom sg;О
21792;;твой;ТВОЙ;APRO - nom sg plen m -;;;Париж - это _твой_ город . ;й;о;в;т;;;APRO;ТВОЙ;A - nom sg plen m -;Й
21793;;город;ГОРОД;S m inan nom sg;;;- это твой _город_ .  ;д;о;р;о;г;;S;ГОРОД;S m inan nom sg;Д
21794;;.;.;PUNCT;;;;;;;;;;PUNCT;;;
21795;;;;;;;;;;;;;;;;;
21796;# sent = 1543;;;;;;;;;;;;;;;;
21797;;Парижане;ПАРИЖАНИН;S m anim nom pl;;;.   _Парижане_ ... они не;е;н;а;ж;и;р;S;ПАРИЖАНИН;S m anim dat sg;Н
21798;;...;...;PUNCT;;;;;;;;;;PUNCT;;;
21799;;они;ОНИ;SPRO pl - - nom;;; Парижане ... _они_ не такие ,;и;н;о;;;;SPRO;ОНИ;SPRO pl - - nom;И
21800;;не;НЕ;PART;;;Парижане ... они _не_ такие , как;е;н;;;;;PART;НЕ;PART;Е
21801;;такие;ТАКОЙ;APRO - nom pl plen - -;;;... они не _такие_ , как ньюйоркцы;е;и;к;а;т;;APRO;ТАКОЙ;A - nom pl plen - -;Й
21802;;,;,;PUNCT;;;;;;;;;;PUNCT;;;
21803;;как;КАК;PART;;;не такие , _как_ ньюйоркцы , но;к;а;к;;;;PART;КАК;PART;К
21804;;ньюйоркцы;НЬЮЙОРКЕЦ;S m anim nom pl;;;такие , как _ньюйоркцы_ , но они;ы;ц;к;р;о;й;S;НЬЮЙОРКЕЦ;S m anim nom pl;Ц
21805;;,;,;PUNCT;;;;;;;;;;PUNCT;;;
21806;;но;НО;CONJ;;;как ньюйоркцы , _но_ они очень милые;о;н;;;;;CONJ;НО;CONJ;О
21807;;они;ОНИ;SPRO pl - - nom;;;ньюйоркцы , но _они_ очень милые ,;и;н;о;;;;SPRO;ОНИ;SPRO pl - - nom;И
21808;;очень;ОЧЕНЬ;ADV -;;;, но они _очень_ милые , несмотря на;ь;н;е;ч;о;;ADV;ОЧЕНЬ;ADV -;Ь
21809;;милые;МИЛЫЙ;A - nom pl plen - -;;;но они очень _милые_ , несмотря на то;е;ы;л;и;м;;A;МИЛЫЙ;A - nom pl plen - -;Й
21810;;,;,;PUNCT;;;;;;;;;;PUNCT;;;
21811;;несмотря на;несмотря на;PR;разднльно;;очень милые , _несмотря на_ то что относятся;а;н; ;я;р;т;PR;несмотря на;PR;а
21812;;то;ТО;SPRO n - acc sg;;;милые , несмотря на _то_ что относятся даже;о;т;;;;;SPRO;ТО;S n inan acc sg;О
21813;;что;ЧТО;CONJ;;;, несмотря на то _что_ относятся даже ,;о;т;ч;;;;CONJ;ЧТО;CONJ;О
21814;;относятся;ОТНОСИТЬСЯ;V ipf praes pl indic - 3p;;;несмотря на то что _относятся_ даже , я;я;с;т;я;с;о;V;ОТНОСИТЬСЯ;V ipf praes pl indic - 3p;Я
21815;;даже;ДАЖЕ;PART;;;то что относятся _даже_ , я бы;е;ж;а;д;;;PART;ДАЖЕ;PART;Е
21816;;,;,;PUNCT;;;;;;;;;;PUNCT;;;
21817;;я;Я;SPRO sg 1p - nom;;;относятся даже , _я_ бы сказала ,;я;;;;;;SPRO;Я;SPRO sg 1p - nom;Я
21818;;бы;БЫ;PART;;;даже , я _бы_ сказала , враждебно;ы;б;;;;;PART;БЫ;PART;Ы
21819;;сказала;СКАЗАТЬ;V pf praet sg indic f -;;;, я бы _сказала_ , враждебно с;а;л;а;з;а;к;V;СКАЗАТЬ;V pf praet sg indic f -;Ь
21820;;,;,;PUNCT;;;;;;;;;;PUNCT;;;
21821;;враждебно;ВРАЖДЕБНО;ADV -;;;бы сказала , _враждебно_ с ... и;о;н;б;е;д;ж;ADV;ВРАЖДЕБНО;ADV -;О
21822;;с;;NONLEX;;;сказала , враждебно _с_ ... и свысока;с;;;;;;PR;С;PR;
21823;;...;...;PUNCT;;;;;;;;;;PUNCT;;;
21824;;и;И;CONJ;;;враждебно с ... _и_ свысока к приезжим;и;;;;;;CONJ;И;CONJ;И
21825;;свысока;СВЫСОКА;ADV -;;;с ... и _свысока_ к приезжим .;а;к;о;с;ы;в;ADV;СВЫСОКА;ADV -;А
21826;;к;К;PR;;;... и свысока _к_ приезжим . ;к;;;;;;PR;К;PR;К
21827;;приезжим;ПРИЕЗЖИЙ;S m anim dat pl;;;и свысока к _приезжим_ .  ;м;и;ж;з;е;и;S;ПРИЕЗЖИЙ;S m anim dat pl;Й
21828;;.;.;PUNCT;;;;;;;;;;PUNCT;;;
21829;;;;;;;;;;;;;;;;;
21830;# sent = 1544;;;;;;;;;;;;;;;;
21831;;Ну;НУ;PART;;;.   _Ну_ , не каждому;у;н;;;;;PART;НУ;PART;У
21832;;,;,;PUNCT;;;;;;;;;;PUNCT;;;
21833;;не;НЕ;PART;;; Ну , _не_ каждому же выпадает;е;н;;;;;PART;НЕ;PART;Е
21834;;каждому;КАЖДЫЙ;APRO - dat sg plen m -;;;Ну , не _каждому_ же выпадает такая;у;м;о;д;ж;а;APRO;КАЖДЫЙ;A - dat sg plen m -;Й
21835;;же;ЖЕ;PART;;;, не каждому _же_ выпадает такая честь;е;ж;;;;;PART;ЖЕ;PART;Е
21836;;выпадает;ВЫПАДАТЬ;V ipf praes sg indic - 3p;;;не каждому же _выпадает_ такая честь -;т;е;а;д;а;п;V;ВЫПАДАТЬ;V ipf praes sg indic - 3p;Ь
21837;;такая;ТАКОЙ;APRO - nom sg plen f -;;;каждому же выпадает _такая_ честь - родиться;я;а;к;а;т;;APRO;ТАКОЙ;A - nom sg plen f -;Й
21838;;честь;ЧЕСТЬ;S f inan nom sg;;;же выпадает такая _честь_ - родиться ,;ь;т;с;е;ч;;S;ЧЕСТЬ;S f inan nom sg;Ь
21839;;-;-;PUNCT;;;;;;;;;;PUNCT;;;
21840;;родиться;РОДИТЬСЯ;V ipf - - inf - -;;;такая честь - _родиться_ , жить в;я;с;ь;т;и;д;V;РОДИТЬСЯ;V ipf - - inf - -;Я
21841;;,;,;PUNCT;;;;;;;;;;PUNCT;;;
21842;;жить;ЖИТЬ;V ipf - - inf - -;;;- родиться , _жить_ в самом прекрасном;ь;т;и;ж;;;V;ЖИТЬ;V ipf - - inf - -;Ь
21843;;в;В;PR;;;родиться , жить _в_ самом прекрасном городе;в;;;;;;PR;В;PR;В
21844;;самом;САМЫЙ;APRO loc2 sg plen m;;;, жить в _самом_ прекрасном городе в;м;о;м;а;с;;A;САМЫЙ;A - loc sg plen n -;Й
21845;;прекрасном;ПРЕКРАСНЫЙ;A - loc sg plen m -;;;жить в самом _прекрасном_ городе в мире;м;о;н;с;а;р;A;ПРЕКРАСНЫЙ;A - loc sg plen n -;Й
21846;;городе;ГОРОД;S m inan loc2 sg;;;в самом прекрасном _городе_ в мире .;е;д;о;р;о;г;S;ГОРОД;S m inan loc sg;Д
21847;;в;В;PR;;;самом прекрасном городе _в_ мире . ;в;;;;;;PR;В;PR;В
21848;;мире;МИР;S m inan loc2 sg;;;прекрасном городе в _мире_ .  ;е;р;и;м;;;S;МИР;S m inan loc sg;Р
21849;;.;.;PUNCT;;;;;;;;;;PUNCT;;;
21850;;;;;;;;;;;;;;;;;
21851;# sent = 1545;;;;;;;;;;;;;;;;
21852;;Ну;НУ;PART;;;.   _Ну_ они вежливы ,;у;н;;;;;PART;НУ;PART;У
21853;;они;ОНИ;SPRO pl - - nom;;;  Ну _они_ вежливы , учтивы;и;н;о;;;;SPRO;ОНИ;SPRO pl - - nom;И
21854;;вежливы;ВЕЖЛИВЫЙ;A - - pl brev - -;;; Ну они _вежливы_ , учтивы ,;ы;в;и;л;ж;е;A;ВЕЖЛИВЫЙ;A - - pl brev - -;Й
21855;;,;,;PUNCT;;;;;;;;;;PUNCT;;;
21856;;учтивы;УЧТИВЫЙ;A - - pl brev - -;;;они вежливы , _учтивы_ , улыбчивы и;ы;в;и;т;ч;у;A;УЧТИВЫЙ;A - - pl brev - -;Й
21857;;,;,;PUNCT;;;;;;;;;;PUNCT;;;
21858;;улыбчивы;УЛЫБЧИВЫЙ;A - - pl brev - -;;;, учтивы , _улыбчивы_ и очень приятны;ы;в;и;ч;б;ы;A;УЛЫБЧИВЫЙ;A - - pl brev - -;Й
21859;;и;И;CONJ;;;учтивы , улыбчивы _и_ очень приятны .;и;;;;;;CONJ;И;CONJ;И
21860;;очень;ОЧЕНЬ;ADV -;;;, улыбчивы и _очень_ приятны . ;ь;н;е;ч;о;;ADV;ОЧЕНЬ;ADV -;Ь
21861;;приятны;ПРИЯТНЫЙ;A - - pl brev - -;;;улыбчивы и очень _приятны_ .  ;ы;н;т;я;и;р;A;ПРИЯТНЫЙ;A - - pl brev - -;Й
21862;;.;.;PUNCT;;;;;;;;;;PUNCT;;;
21863;;;;;;;;;;;;;;;;;
21864;# sent = 1546;;;;;;;;;;;;;;;;
21865;# speaker = Ольга;;;;;;;;;;;;;;;;
21866;# sent = 1547;;;;;;;;;;;;;;;;
21867;;Французский;ФРАНЦУЗСКИЙ;A - nom sg plen m -;;;   _Французский_ язык - это;й;и;к;с;з;у;A;ФРАНЦУЗСКИЙ;A - nom sg plen m -;Й
21868;;язык;ЯЗЫК;S m inan nom sg;;;  Французский _язык_ - это музыка;к;ы;з;я;;;S;ЯЗЫК;S m inan nom sg;К
21869;;-;-;PUNCT;;;;;;;;;;PUNCT;;;
21870;;это;ЭТО;SPRO n - nom sg;;;Французский язык - _это_ музыка . ;о;т;э;;;;SPRO;ЭТО;S n - nom sg;О
21871;;музыка;МУЗЫКА;S f inan nom sg;;;язык - это _музыка_ .  ;а;к;ы;з;у;м;S;МУЗЫКА;S f inan nom sg;А
21872;;.;.;PUNCT;;;;;;;;;;PUNCT;;;
21873;;;;;;;;;;;;;;;;;
21874;# sent = 1548;;;;;;;;;;;;;;;;
21875;;Конечно;КОНЕЧНО;PARENTH;;;.   _Конечно_ , можно и;о;н;ч;е;н;о;ADV;КОНЕЧНО;ADV -;О
21876;;,;,;PUNCT;;;;;;;;;;PUNCT;;;
21877;;можно;МОЖНО;PRAEDIC;;; Конечно , _можно_ и обругать человека;о;н;ж;о;м;;PRAEDIC;МОЖНО;PRAEDIC;О
21878;;и;И;PART;;;Конечно , можно _и_ обругать человека на;и;;;;;;CONJ;И;CONJ;И
21879;;обругать;ОБРУГАТЬ;V pf - - inf - -;;;, можно и _обругать_ человека на французском;ь;т;а;г;у;р;V;ОБРУГАТЬ;V pf - - inf - -;Ь
21880;;человека;ЧЕЛОВЕК;S m anim acc sg;;;можно и обругать _человека_ на французском языке;а;к;е;в;о;л;S;ЧЕЛОВЕК;S m anim acc sg;К
21881;;на;НА;PR;;;и обругать человека _на_ французском языке ,;а;н;;;;;PR;НА;PR;А
21882;;французском;ФРАНЦУЗСКИЙ;A - loc sg plen m -;;;обругать человека на _французском_ языке , но;м;о;к;с;з;у;A;ФРАНЦУЗСКИЙ;A - loc sg plen m -;Й
21883;;языке;ЯЗЫК;S m inan loc sg;;;человека на французском _языке_ , но этобудет;е;к;ы;з;я;;S;ЯЗЫК;S m inan loc sg;К
21884;;,;,;PUNCT;;;;;;;;;;PUNCT;;;
21885;;но;НО;CONJ;;;французском языке , _но_ этобудет звучать ,;о;н;;;;;CONJ;НО;CONJ;О
21886;;этобудет;ЭТОБЫТЬ;V pf fut sg indic - 3p;раздельно;;языке , но _этобудет_ звучать , поймите;т;е;д;у;б;о;V;ЭТОБЫТЬ;V pf fut sg indic - 3p;Ь
21887;;звучать;ЗВУЧАТЬ;V ipf - - inf - -;;;, но этобудет _звучать_ , поймите ,;ь;т;а;ч;у;в;V;ЗВУЧАТЬ;V ipf - - inf - -;Ь
21888;;,;,;PUNCT;;;;;;;;;;PUNCT;;;
21889;;поймите;ПОНЯТЬ;V pf - pl imper - 2p;;;этобудет звучать , _поймите_ , очень романтично;е;т;и;м;й;о;V;ПОНЯТЬ;V pf - pl imper - 2p;Ь
21890;;,;,;PUNCT;;;;;;;;;;PUNCT;;;
21891;;очень;ОЧЕНЬ;ADV -;;;, поймите , _очень_ романтично и даже;ь;н;е;ч;о;;ADV;ОЧЕНЬ;ADV -;Ь
21892;;романтично;РОМАНТИЧНО;ADV -;;;поймите , очень _романтично_ и даже вдохновенно;о;н;ч;и;т;н;ADV;РОМАНТИЧНО;ADV -;О
21893;;и;И;CONJ;;;, очень романтично _и_ даже вдохновенно .;и;;;;;;CONJ;И;CONJ;И
21894;;даже;ДАЖЕ;PART;;;очень романтично и _даже_ вдохновенно . ;е;ж;а;д;;;PART;ДАЖЕ;PART;Е
21895;;вдохновенно;ВДОХНОВЕННО;ADV -;;;романтично и даже _вдохновенно_ .  ;о;н;н;е;в;о;ADV;ВДОХНОВЕННО;ADV -;О
21896;;.;.;PUNCT;;;;;;;;;;PUNCT;;;
21897;;;;;;;;;;;;;;;;;
21898;# sent = 1549;;;;;;;;;;;;;;;;
21899;;Кстати;КСТАТИ;PARENTH;;;.   _Кстати_ , английский в;и;т;а;т;с;к;ADV;КСТАТИ;ADV -;И
21900;;,;,;PUNCT;;;;;;;;;;PUNCT;;;
21901;;английский;АНГЛИЙСКИЙ;A - acc sg plen m -;;; Кстати , _английский_ в Париже понимают;й;и;к;с;й;и;A;АНГЛИЙСКИЙ;A - nom sg plen m -;Й
21902;;в;В;PR;;;Кстати , английский _в_ Париже понимают очень;в;;;;;;PR;В;PR;В
21903;;Париже;ПАРИЖ;S m inan loc2 sg;;;, английский в _Париже_ понимают очень мало;е;ж;и;р;а;п;S;ПАРИЖ;S m inan loc sg;Ж
21904;;понимают;ПОНИМАТЬ;V ipf praes pl indic - 3p;;;английский в Париже _понимают_ очень мало ,;т;ю;а;м;и;н;V;ПОНИМАТЬ;V ipf praes pl indic - 3p;Ь
21905;;очень;ОЧЕНЬ;ADV -;;;в Париже понимают _очень_ мало , так что;ь;н;е;ч;о;;ADV;ОЧЕНЬ;ADV -;Ь
21906;;мало;МАЛО;NUM acc;;;Париже понимают очень _мало_ , так что ,;о;л;а;м;;;ADV;МАЛО;ADV -;О
21907;;,;,;PUNCT;;;;;;;;;;PUNCT;;;
21908;;так что;так что;CONJ;слитно;;очень мало , _так что_ , собравшись в;о;т;ч; ;к;а;CONJ;так что;CONJ;о
21909;;,;,;PUNCT;;;;;;;;;;PUNCT;;;
21910;;собравшись;СОБРАТЬСЯ;V pf praet - ger - -;;;, так что , _собравшись_ в Париж ,;ь;с;и;ш;в;а;V;СОБРАТЬСЯ;V pf praet - ger - -;Я
21911;;в;В;PR;;;так что , собравшись _в_ Париж , ээ;в;;;;;;PR;В;PR;В
21912;;Париж;ПАРИЖ;S m inan acc sg;;;, собравшись в _Париж_ , ээ ,;ж;и;р;а;п;;S;ПАРИЖ;S m inan acc sg;Ж
21913;;,;,;PUNCT;;;;;;;;;;PUNCT;;;
21914;;ээ;ЭЭ;NONLEX;;;в Париж , _ээ_ , неплохо бы;э;э;;;;;NONLEX;ЭЭ;NONLEX;Э
21915;;,;,;PUNCT;;;;;;;;;;PUNCT;;;
21916;;неплохо;НЕПЛОХО;ADV -;;;, ээ , _неплохо_ бы захватить с;о;х;о;л;п;е;ADV;НЕПЛОХО;ADV -;О
21917;;бы;БЫ;PART;;;ээ , неплохо _бы_ захватить с собой;ы;б;;;;;PART;БЫ;PART;Ы
21918;;захватить;ЗАХВАТИТЬ;V pf - - inf - -;;;, неплохо бы _захватить_ с собой либо;ь;т;и;т;а;в;V;ЗАХВАТИТЬ;V pf - - inf - -;Ь
21919;;с;С;PR;;;неплохо бы захватить _с_ собой либо разговорник;с;;;;;;PR;С;PR;С
21920;;собой;СЕБЯ;SPRO - - - ins;;;бы захватить с _собой_ либо разговорник ,;й;о;б;о;с;;SPRO;СЕБЯ;SPRO - - - ins;Я
21921;;либо;ЛИБО;CONJ;;;захватить с собой _либо_ разговорник , либо;о;б;и;л;;;CONJ;ЛИБО;CONJ;О
21922;;разговорник;РАЗГОВОРНИК;S m inan acc sg;;;с собой либо _разговорник_ , либо выучить;к;и;н;р;о;в;S;РАЗГОВОРНИК;S m inan acc sg;К
21923;;,;,;PUNCT;;;;;;;;;;PUNCT;;;
21924;;либо;ЛИБО;CONJ;;;либо разговорник , _либо_ выучить , м;о;б;и;л;;;CONJ;ЛИБО;CONJ;О
21925;;выучить;ВЫУЧИТЬ;V pf - - inf - -;;;разговорник , либо _выучить_ , м ,;ь;т;и;ч;у;ы;V;ВЫУЧИТЬ;V pf - - inf - -;Ь
21926;;,;,;PUNCT;;;;;;;;;;PUNCT;;;
21927;;м;М;NONLEX;;;либо выучить , _м_ , ну десяток;м;;;;;;INTJ;М;S - - nonflex -;М
21928;;,;,;PUNCT;;;;;;;;;;PUNCT;;;
21929;;ну;НУ;PART;;;, м , _ну_ десяток фраз ,;у;н;;;;;PART;НУ;PART;У
21930;;десяток;ДЕСЯТОК;S m inan acc sg;;;м , ну _десяток_ фраз , чтобы;к;о;т;я;с;е;S;ДЕСЯТОК;S m inan nom sg;К
21931;;фраз;ФРАЗА;S f inan gen pl;;;, ну десяток _фраз_ , чтобы тебя;з;а;р;ф;;;S;ФРАЗА;S f inan gen pl;А
21932;;,;,;PUNCT;;;;;;;;;;PUNCT;;;
21933;;чтобы;ЧТОБЫ;CONJ;;;десяток фраз , _чтобы_ тебя принимали ,;ы;б;о;т;ч;;CONJ;ЧТОБЫ;CONJ;Ы
21934;;тебя;ТЫ;SPRO sg 2p - acc;;;фраз , чтобы _тебя_ принимали , по крайней мере;я;б;е;т;;;SPRO;ТЫ;SPRO sg 2p - acc;Ы
21935;;принимали;ПРИНИМАТЬ;V ipf praet pl indic - -;;;, чтобы тебя _принимали_ , по крайней мере ,;и;л;а;м;и;н;V;ПРИНИМАТЬ;V ipf praet pl indic - -;Ь
21936;;,;,;PUNCT;;;;;;;;;;PUNCT;;;
21937;;по крайней мере;по крайней мере;ADV -;раздельно;;тебя принимали , _по крайней мере_ , с уважением;е;р;е;м; ;й;ADV;по крайней мере;ADV -;е
21938;;,;,;PUNCT;;;;;;;;;;PUNCT;;;
21939;;с;С;PR;;;, по крайней мере , _с_ уважением . ;с;;;;;;PR;С;PR;С
21940;;уважением;УВАЖЕНИЕ;S n inan ins sg;;;по крайней мере , с _уважением_ .  ;м;е;и;н;е;ж;S;УВАЖЕНИЕ;S n inan ins sg;Е
21941;;.;.;PUNCT;;;;;;;;;;PUNCT;;;
21942;;;;;;;;;;;;;;;;;
21943;# sent = 1550;;;;;;;;;;;;;;;;
21944;;Ну;НУ;PART;;;.   _Ну_ и ты будешь;у;н;;;;;PART;НУ;PART;У
21945;;и;И;CONJ;;;  Ну _и_ ты будешь уважительно;и;;;;;;CONJ;И;CONJ;И
21946;;ты;ТЫ;SPRO sg 2p - nom;;; Ну и _ты_ будешь уважительно относиться;ы;т;;;;;SPRO;ТЫ;SPRO sg 2p - nom;Ы
21947;;будешь;БЫТЬ;V ipf praes sg indic - 2p;;;Ну и ты _будешь_ уважительно относиться к;ь;ш;е;д;у;б;V;БЫТЬ;V ipf praes sg indic - 2p;Ь
21948;;уважительно;УВАЖИТЕЛЬНО;ADV -;;;и ты будешь _уважительно_ относиться к этой;о;н;ь;л;е;т;A;УВАЖИТЕЛЬНЫЙ;A - - sg brev n -;О
21949;;относиться;ОТНОСИТЬСЯ;V ipf - - inf - -;;;ты будешь уважительно _относиться_ к этой культуре;я;с;ь;т;и;с;V;ОТНОСИТЬСЯ;V ipf - - inf - -;Я
21950;;к;К;PR;;;будешь уважительно относиться _к_ этой культуре ,;к;;;;;;PR;К;PR;К
21951;;этой;ЭТОТ;APRO - dat sg plen f -;;;уважительно относиться к _этой_ культуре , к;й;о;т;э;;;APRO;ЭТОТ;A - loc sg plen f -;Т
21952;;культуре;КУЛЬТУРА;S f inan dat sg;;;относиться к этой _культуре_ , к этому;е;р;у;т;ь;л;S;КУЛЬТУРА;S f inan loc sg;А
21953;;,;,;PUNCT;;;;;;;;;;PUNCT;;;
21954;;к;К;PR;;;этой культуре , _к_ этому языку .;к;;;;;;PR;К;PR;К
21955;;этому;ЭТОТ;APRO - dat sg plen m -;;;культуре , к _этому_ языку . ;у;м;о;т;э;;APRO;ЭТОТ;A - dat sg plen m -;Т
21956;;языку;ЯЗЫК;S m inan dat sg;;;, к этому _языку_ .  ;у;к;ы;з;я;;S;ЯЗЫК;S m inan dat sg;К
21957;;.;.;PUNCT;;;;;;;;;;PUNCT;;;
21958;;;;;;;;;;;;;;;;;
21959;# sent = 1551;;;;;;;;;;;;;;;;
21960;# speaker = Ольга;;;;;;;;;;;;;;;;
21961;# sent = 1552;;;;;;;;;;;;;;;;
21962;;Глобализация;ГЛОБАЛИЗАЦИЯ;S f inan nom sg;;;   _Глобализация_ почему-то не так;я;и;ц;а;з;и;S;ГЛОБАЛИЗАЦИЯ;S f inan nom sg;Я
21963;;почему-то;ПОЧЕМУ-ТО;ADVPRO;;;  Глобализация _почему-то_ не так сильно;о;т;-;у;м;е;ADV;ПОЧЕМУ-ТО;ADV -;О
21964;;не;НЕ;PART;;; Глобализация почему-то _не_ так сильно задела;е;н;;;;;PART;НЕ;PART;Е
21965;;так;ТАК;PART;;;Глобализация почему-то не _так_ сильно задела Францию;к;а;т;;;;ADV;ТАК;ADV -;К
21966;;сильно;СИЛЬНО;ADV -;;;почему-то не так _сильно_ задела Францию и;о;н;ь;л;и;с;ADV;СИЛЬНО;ADV -;О
21967;;задела;ЗАДЕТЬ;V pf praet sg indic f -;;;не так сильно _задела_ Францию и Париж;а;л;е;д;а;з;V;ЗАДЕТЬ;V pf praet sg indic f -;Ь
21968;;Францию;ФРАНЦИЯ;S f inan acc sg ;;;так сильно задела _Францию_ и Париж ,;ю;и;ц;н;а;р;S;ФРАНЦИЯ;S f inan acc sg;Я
21969;;и;И;CONJ;;;сильно задела Францию _и_ Париж , и;и;;;;;;CONJ;И;CONJ;И
21970;;Париж;ПАРИЖ;S m inan acc sg;;;задела Францию и _Париж_ , и ...;ж;и;р;а;п;;S;ПАРИЖ;S m inan nom sg;Ж
21971;;,;,;PUNCT;;;;;;;;;;PUNCT;;;
21972;;и;И;CONJ;;;и Париж , _и_ ... этот язык;и;;;;;;CONJ;И;CONJ;И
21973;;...;...;PUNCT;;;;;;;;;;PUNCT;;;
21974;;этот;ЭТОТ;APRO - nom sg plen m -;;;, и ... _этот_ язык глобализации ,;т;о;т;э;;;APRO;ЭТОТ;A - nom sg plen m -;Т
21975;;язык;ЯЗЫК;S m inan nom sg;;;и ... этот _язык_ глобализации , английский;к;ы;з;я;;;S;ЯЗЫК;S m inan nom sg;К
21976;;глобализации;ГЛОБАЛИЗАЦИЯ;S f inan gen sg;;;... этот язык _глобализации_ , английский ,;и;и;ц;а;з;и;S;ГЛОБАЛИЗАЦИЯ;S f inan gen sg;Я
21977;;,;,;PUNCT;;;;;;;;;;PUNCT;;;
21978;;английский;АНГЛИЙСКИЙ;A - nom sg plen m -;;;язык глобализации , _английский_ , во Франции;й;и;к;с;й;и;A;АНГЛИЙСКИЙ;A - nom sg plen m -;Й
21979;;,;,;PUNCT;;;;;;;;;;PUNCT;;;
21980;;во;ВО;PR;;;, английский , _во_ Франции почему-то не;о;в;;;;;PR;ВО;PR;О
21981;;Франции;ФРАНЦИЯ;S f inan loc2 sg;;;английский , во _Франции_ почему-то не прижился;и;и;ц;н;а;р;S;ФРАНЦИЯ;S f inan loc sg;Я
21982;;почему-то;ПОЧЕМУ-ТО;ADVPRO;;;, во Франции _почему-то_ не прижился .;о;т;-;у;м;е;ADV;ПОЧЕМУ-ТО;ADV -;О
21983;;не;НЕ;PART;;;во Франции почему-то _не_ прижился . ;е;н;;;;;PART;НЕ;PART;Е
21984;;прижился;ПРИЖИТЬСЯ;V pf praet sg indic m -;;;Франции почему-то не _прижился_ .  ;я;с;л;и;ж;и;V;ПРИЖИТЬСЯ;V pf praet sg indic m -;Я
21985;;.;.;PUNCT;;;;;;;;;;PUNCT;;;
21986;;;;;;;;;;;;;;;;;
21987;# sent = 1553;;;;;;;;;;;;;;;;
21988;;Ну;НУ;PART;;;.   _Ну_ а если уж;у;н;;;;;PART;НУ;PART;У
21989;;а;А;PART;;;  Ну _а_ если уж вам;а;;;;;;CONJ;А;CONJ;А
21990;;если;ЕСЛИ;CONJ;;; Ну а _если_ уж вам очень;и;л;с;е;;;CONJ;ЕСЛИ;CONJ;И
21991;;уж;УЖ;PART;;;Ну а если _уж_ вам очень нужно;ж;у;;;;;PART;УЖ;PART;Ж
21992;;вам;ВЫ;SPRO pl 2p - dat;;;а если уж _вам_ очень нужно что-то;м;а;в;;;;SPRO;ВЫ;SPRO pl 2p - dat;Ы
21993;;очень;ОЧЕНЬ;ADV -;;;если уж вам _очень_ нужно что-то купить;ь;н;е;ч;о;;ADV;ОЧЕНЬ;ADV -;Ь
21994;;нужно;НУЖНО;PRAEDIC;;;уж вам очень _нужно_ что-то купить или;о;н;ж;у;н;;PRAEDIC;НУЖНО;ADV -;О
21995;;что-то;ЧТО-ТО;SPRO - inan acc sg;;;вам очень нужно _что-то_ купить или хотя бы;о;т;-;о;т;ч;SPRO;ЧТО-ТО;S n - acc sg;О
21996;;купить;КУПИТЬ;V pf - - inf - -;;;очень нужно что-то _купить_ или хотя бы ,;ь;т;и;п;у;к;V;КУПИТЬ;V pf - - inf - -;Ь
21997;;или;ИЛИ;CONJ;;;нужно что-то купить _или_ хотя бы , м;и;л;и;;;;CONJ;ИЛИ;CONJ;И
21998;;хотя бы;хотя бы;PART;раздельно;;что-то купить или _хотя бы_ , м ,;ы;б; ;я;т;о;ADV;хотя бы;ADV -;ы
21999;;,;,;PUNCT;;;;;;;;;;PUNCT;;;
22000;;м;М;NONLEX;;;или хотя бы , _м_ , приобрести интересное;м;;;;;;INTJ;М;S - - nonflex -;М
22001;;,;,;PUNCT;;;;;;;;;;PUNCT;;;
22002;;приобрести;ПРИОБРЕСТИ;V pf - - inf - -;;;, м , _приобрести_ интересное в Париже;и;т;с;е;р;б;V;ПРИОБРЕСТИ;V pf - - inf - -;И
22003;;интересное;ИНТЕРЕСНЫЙ;A - acc sg plen n inan;;;м , приобрести _интересное_ в Париже ,;е;о;н;с;е;р;A;ИНТЕРЕСНЫЙ;A - acc sg plen n inan;Й
22004;;в;В;PR;;;, приобрести интересное _в_ Париже , подойдите;в;;;;;;PR;В;PR;В
22005;;Париже;ПАРИЖ;S m inan loc2 sg;;;приобрести интересное в _Париже_ , подойдите к;е;ж;и;р;а;п;S;ПАРИЖ;S m inan loc sg;Ж
22006;;,;,;PUNCT;;;;;;;;;;PUNCT;;;
22007;;подойдите;ПОДОЙТИ;V pf - pl imper - 2p;;;в Париже , _подойдите_ к полицейскому ,;е;т;и;д;й;о;V;ПОДОЙТИ;V pf - pl imper - 2p;И
22008;;к;К;PR;;;Париже , подойдите _к_ полицейскому , спросите;к;;;;;;PR;К;PR;К
22009;;полицейскому;ПОЛИЦЕЙСКИЙ;S m anim dat sg;;;, подойдите к _полицейскому_ , спросите ,;у;м;о;к;с;й;S;ПОЛИЦЕЙСКИЙ;S m anim dat sg;Й
22010;;,;,;PUNCT;;;;;;;;;;PUNCT;;;
22011;;спросите;СПРОСИТЬ;V pf pl imper - 2p;;;к полицейскому , _спросите_ , он вам;е;т;и;с;о;р;V;СПРОСИТЬ;V pf fut pl indic - 2p;Ь
22012;;,;,;PUNCT;;;;;;;;;;PUNCT;;;
22013;;он;ОН;SPRO sg 3p m nom;;;, спросите , _он_ вам и покажет;н;о;;;;;SPRO;ОН;SPRO sg 3p m nom;Н
22014;;вам;ВЫ;SPRO pl 2p - dat;;;спросите , он _вам_ и покажет ,;м;а;в;;;;SPRO;ВЫ;SPRO pl 2p - dat;Ы
22015;;и;И;CONJ;;;, он вам _и_ покажет , и;и;;;;;;CONJ;И;CONJ;И
22016;;покажет;ПОКАЗАТЬ;V pf fut sg indic - 3p;;;он вам и _покажет_ , и ,;т;е;ж;а;к;о;V;ПОКАЗАТЬ;V pf fut sg indic - 3p;Ь
22017;;,;,;PUNCT;;;;;;;;;;PUNCT;;;
22018;;и;И;CONJ;;;и покажет , _и_ , возможно ,;и;;;;;;CONJ;И;CONJ;И
22019;;,;,;PUNCT;;;;;;;;;;PUNCT;;;
22020;;возможно;ВОЗМОЖНО;PARENTH;;;, и , _возможно_ , даже проведёт;о;н;ж;о;м;з;ADV;ВОЗМОЖНО;ADV -;О
22021;;,;,;PUNCT;;;;;;;;;;PUNCT;;;
22022;;даже;ДАЖЕ;PART;;;, возможно , _даже_ проведёт . ;е;ж;а;д;;;PART;ДАЖЕ;PART;Е
22023;;проведёт;ПРОВЕСТИ;V pf fut sg indic - 3p;;;возможно , даже _проведёт_ .  ;т;ё;д;е;в;о;V;ПРОВЕСТИ;V pf fut sg indic - 3p;И
22024;;.;.;PUNCT;;;;;;;;;;PUNCT;;;
22025;;;;;;;;;;;;;;;;;
22026;# sent = 1554;;;;;;;;;;;;;;;;
22027;;Уж;УЖ;PART;;;.   _Уж_ такие они галантные;ж;у;;;;;PART;УЖ;PART;Ж
22028;;такие;ТАКОЙ;APRO - nom pl plen - -;;;  Уж _такие_ они галантные ,;е;и;к;а;т;;APRO;ТАКОЙ;A - nom pl plen - -;Й
22029;;они;ОНИ;SPRO pl - - nom;;; Уж такие _они_ галантные , эти;и;н;о;;;;SPRO;ОНИ;SPRO pl - - nom;И
22030;;галантные;ГАЛАНТНЫЙ;A - nom pl plen - -;;;Уж такие они _галантные_ , эти французы;е;ы;н;т;н;а;A;ГАЛАНТНЫЙ;A - nom pl plen - -;Й
22031;;,;,;PUNCT;;;;;;;;;;PUNCT;;;
22032;;эти;ЭТОТ;APRO - nom pl plen - -;;;они галантные , _эти_ французы . ;и;т;э;;;;APRO;ЭТОТ;A - nom pl plen - -;Т
22033;;французы;ФРАНЦУЗ;S m anim nom pl;;;галантные , эти _французы_ .  ;ы;з;у;ц;н;а;S;ФРАНЦУЗ;S m anim nom pl;З
22034;;.;.;PUNCT;;;;;;;;;;PUNCT;;;
22035;;;;;;;;;;;;;;;;;
22036;# sent = 1555;;;;;;;;;;;;;;;;
22037;;Ну;НУ;PART;;;.   _Ну_ , кстати ,;у;н;;;;;PART;НУ;PART;У
22038;;,;,;PUNCT;;;;;;;;;;PUNCT;;;
22039;;кстати;КСТАТИ;PARENTH;;; Ну , _кстати_ , ааа ,;и;т;а;т;с;к;ADV;КСТАТИ;ADV -;И
22040;;,;,;PUNCT;;;;;;;;;;PUNCT;;;
22041;;ааа;ААА;NONLEX;;;, кстати , _ааа_ , полицейские очень;а;а;а;;;;INTJ;ААА;S m inan nonflex -;А
22042;;,;,;PUNCT;;;;;;;;;;PUNCT;;;
22043;;полицейские;ПОЛИЦЕЙСКИЙ;S m anim nom pl;;;, ааа , _полицейские_ очень спокойные .;е;и;к;с;й;е;S;ПОЛИЦЕЙСКИЙ;S m anim nom pl;Й
22044;;очень;ОЧЕНЬ;ADV -;;;ааа , полицейские _очень_ спокойные . ;ь;н;е;ч;о;;ADV;ОЧЕНЬ;ADV -;Ь
22045;;спокойные;СПОКОЙНЫЙ;A - nom pl plen - -;;;, полицейские очень _спокойные_ .  ;е;ы;н;й;о;к;A;СПОКОЙНЫЙ;A - nom pl plen - -;Й
22046;;.;.;PUNCT;;;;;;;;;;PUNCT;;;
22047;;;;;;;;;;;;;;;;;
22048;# sent = 1556;;;;;;;;;;;;;;;;
22049;;В;В;PR;;;.   _В_ России это не;в;;;;;;PR;В;PR;В
22050;;России;РОССИЯ;S f inan loc2 sg;;;  В _России_ это не совсем;и;и;с;с;о;р;S;РОССИЯ;S f inan loc sg;Я
22051;;это;ЭТО;SPRO n - nom sg;;; В России _это_ не совсем так;о;т;э;;;;SPRO;ЭТО;S n - nom sg;О
22052;;не;НЕ;PART;;;В России это _не_ совсем так ,;е;н;;;;;PART;НЕ;PART;Е
22053;;совсем;СОВСЕМ;ADV -;;;России это не _совсем_ так , а;м;е;с;в;о;с;ADV;СОВСЕМ;ADV -;М
22054;;так;ТАК;ADVPRO;;;это не совсем _так_ , а вот;к;а;т;;;;ADV;ТАК;ADV -;К
22055;;,;,;PUNCT;;;;;;;;;;PUNCT;;;
22056;;а;А;CONJ;;;совсем так , _а_ вот во Франции;а;;;;;;CONJ;А;CONJ;А
22057;;вот;ВОТ;PART;;;так , а _вот_ во Франции ...;т;о;в;;;;PART;ВОТ;PART;Т
22058;;во;ВО;PR;;;, а вот _во_ Франции ... мда;о;в;;;;;PR;ВО;PR;О
22059;;Франции;ФРАНЦИЯ;S f inan loc2 sg;;;а вот во _Франции_ ... мда ...;и;и;ц;н;а;р;S;ФРАНЦИЯ;S m anim dat sg;Я
22060;;...;...;PUNCT;;;;;;;;;;PUNCT;;;
22061;;мда;МДА;INTJ;;;во Франции ... _мда_ ... они вам;а;д;м;;;;INTJ;МДА;INTJ;А
22062;;...;...;PUNCT;;;;;;;;;;PUNCT;;;
22063;;они;ОНИ;SPRO pl - - nom;;;... мда ... _они_ вам обязательно помогут;и;н;о;;;;SPRO;ОНИ;SPRO pl - - nom;И
22064;;вам;ВЫ;SPRO pl 2p - dat;;;мда ... они _вам_ обязательно помогут .;м;а;в;;;;SPRO;ВЫ;SPRO pl 2p - dat;Ы
22065;;обязательно;ОБЯЗАТЕЛЬНО;ADV -;;;... они вам _обязательно_ помогут . ;о;н;ь;л;е;т;ADV;ОБЯЗАТЕЛЬНО;ADV -;О
22066;;помогут;ПОМОЧЬ;V pf fut pl indic - 3p;;;они вам обязательно _помогут_ .  ;т;у;г;о;м;о;V;ПОМОЧЬ;V pf fut pl indic - 3p;Ь
22067;;.;.;PUNCT;;;;;;;;;;PUNCT;;;
22068;;;;;;;;;;;;;;;;;
22069;# sent = 1557;;;;;;;;;;;;;;;;
22070;# speaker = Ольга;;;;;;;;;;;;;;;;
22071;# sent = 1558;;;;;;;;;;;;;;;;
22072;;Что;ЧТО;SPRO - inan nom sg;;;   _Что_ касается парижской кухни;о;т;ч;;;;SPRO;ЧТО;S n - nom sg;О
22073;;касается;КАСАТЬСЯ;V ipf praes sg indic - 3p;;;  Что _касается_ парижской кухни ,;я;с;т;е;а;с;V;КАСАТЬСЯ;V ipf praes sg indic - 3p;Я
22074;;парижской;ПАРИЖСКИЙ;A - gen sg plen f -;;; Что касается _парижской_ кухни , тут;й;о;к;с;ж;и;A;ПАРИЖСКИЙ;A - gen sg plen f -;Й
22075;;кухни;КУХНЯ;S f inan gen sg;;;Что касается парижской _кухни_ , тут уже;и;н;х;у;к;;S;КУХНЯ;S f inan gen sg;Я
22076;;,;,;PUNCT;;;;;;;;;;PUNCT;;;
22077;;тут;ТУТ;ADVPRO;;;парижской кухни , _тут_ уже я даже;т;у;т;;;;ADV;ТУТ;ADV -;Т
22078;;уже;УЖЕ;PART;;;кухни , тут _уже_ я даже не;е;ж;у;;;;ADV;УЖЕ;ADV -;Е
22079;;я;Я;SPRO sg 1p - nom;;;, тут уже _я_ даже не буду;я;;;;;;SPRO;Я;SPRO sg 1p - nom;Я
22080;;даже;ДАЖЕ;PART;;;тут уже я _даже_ не буду тратить;е;ж;а;д;;;PART;ДАЖЕ;PART;Е
22081;;не;НЕ;PART;;;уже я даже _не_ буду тратить время;е;н;;;;;PART;НЕ;PART;Е
22082;;буду;БЫТЬ;V ipf praes sg indic - 1p;;;я даже не _буду_ тратить время на;у;д;у;б;;;V;БЫТЬ;V ipf praes sg indic - 1p;Ь
22083;;тратить;ТРАТИТЬ;V ipf - - inf - -;;;даже не буду _тратить_ время на то;ь;т;и;т;а;р;V;ТРАТИТЬ;V ipf - - inf - -;Ь
22084;;время;ВРЕМЯ;S n inan acc sg;;;не буду тратить _время_ на то чтобы;я;м;е;р;в;;S;ВРЕМЯ;S n inan acc sg;Я
22085;;на;НА;PR;;;буду тратить время _на_ то чтобы рассказывать;а;н;;;;;PR;НА;PR;А
22086;;то;ТО;SPRO n - acc sg;;;тратить время на _то_ чтобы рассказывать ,;о;т;;;;;SPRO;ТО;S n - acc sg;О
22087;;чтобы;ЧТОБЫ;CONJ;;;время на то _чтобы_ рассказывать , какие;ы;б;о;т;ч;;CONJ;ЧТОБЫ;CONJ;Ы
22088;;рассказывать;РАССКАЗЫВАТЬ;V ipf - - inf - -;;;на то чтобы _рассказывать_ , какие кафе;ь;т;а;в;ы;з;V;РАССКАЗЫВАТЬ;V ipf - - inf - -;Ь
22089;;,;,;PUNCT;;;;;;;;;;PUNCT;;;
22090;;какие;КАКОЙ;APRO - nom pl plen - -;;;чтобы рассказывать , _какие_ кафе и ресторанчики;е;и;к;а;к;;APRO;КАКОЙ;A - nom pl plen - -;Й
22091;;кафе;КАФЕ;S n inan nom pl;;;рассказывать , какие _кафе_ и ресторанчики -;е;ф;а;к;;;S;КАФЕ;S n inan nonflex -;Е
22092;;и;И;CONJ;;;, какие кафе _и_ ресторанчики - их;и;;;;;;CONJ;И;CONJ;И
22093;;ресторанчики;РЕСТОРАНЧИК;S m inan nom pl;;;какие кафе и _ресторанчики_ - их бесчётное;и;к;и;ч;н;а;S;РЕСТОРАНЧИК;S m inan nom pl;К
22094;;-;-;PUNCT;;;;;;;;;;PUNCT;;;
22095;;их;ОНИ;SPRO pl 3p - gen;;;и ресторанчики - _их_ бесчётное количество можно;х;и;;;;;SPRO;ИХ;A - nonflex - plen - -;И
22096;;бесчётное;БЕСЧЕТНЫЙ;A - acc sg plen n -;;;ресторанчики - их _бесчётное_ количество можно посетить;е;о;н;т;ё;ч;A;БЕСЧЕТНЫЙ;A - nom sg plen n -;Й
22097;;количество;КОЛИЧЕСТВО;S n inan acc sg;;;- их бесчётное _количество_ можно посетить в;о;в;т;с;е;ч;S;КОЛИЧЕСТВО;S n inan nom sg;О
22098;;можно;МОЖНО;PRAEDIC;;;их бесчётное количество _можно_ посетить в Париже;о;н;ж;о;м;;PRAEDIC;МОЖНО;PRAEDIC;О
22099;;посетить;ПОСЕТИТЬ;V pf - - inf - -;;;бесчётное количество можно _посетить_ в Париже ,;ь;т;и;т;е;с;V;ПОСЕТИТЬ;V pf - - inf - -;Ь
22100;;в;В;PR;;;количество можно посетить _в_ Париже , насладиться;в;;;;;;PR;В;PR;В
22101;;Париже;ПАРИЖ;S m inan loc2 sg;;;можно посетить в _Париже_ , насладиться и;е;ж;и;р;а;п;S;ПАРИЖ;S m inan loc sg;Ж
22102;;,;,;PUNCT;;;;;;;;;;PUNCT;;;
22103;;насладиться;НАСЛАДИТЬСЯ;V pf - - inf - -;;;в Париже , _насладиться_ и фуа -;я;с;ь;т;и;д;V;НАСЛАДИТЬСЯ;V pf - - inf - -;Я
22104;;и;И;CONJ;;;Париже , насладиться _и_ фуа - гра;и;;;;;;CONJ;И;CONJ;И
22105;;фуа;ФУА;COM;слитно;;, насладиться и _фуа_ - гра ,;а;у;ф;;;;COM;ФУА;S f inan nonflex -;А
22106;;-;-;PUNCT;;;;;;;;;;PUNCT;;;
22107;;гра;ГРА;A - loc pl plen - -;слитно;;и фуа - _гра_ , и лягушачьими;а;р;г;;;;A;ГРА;A - loc pl plen - -;А
22108;;,;,;PUNCT;;;;;;;;;;PUNCT;;;
22109;;и;И;CONJ;;;- гра , _и_ лягушачьими лапками .;и;;;;;;CONJ;И;CONJ;И
22110;;лягушачьими;ЛЯГУШАЧИЙ;A - ins pl plen - -;;;гра , и _лягушачьими_ лапками . ;и;м;и;ь;ч;а;A;ЛЯГУШАЧИЙ;A - ins pl plen - -;Й
22111;;лапками;ЛАПКА;S f inan ins pl;;;, и лягушачьими _лапками_ .  ;и;м;а;к;п;а;S;ЛАПКА;S f inan ins pl;А
22112;;.;.;PUNCT;;;;;;;;;;PUNCT;;;
22113;;;;;;;;;;;;;;;;;
22114;# sent = 1559;;;;;;;;;;;;;;;;
22115;;Но;НО;CONJ;;;.   _Но_ , поверьте ,;о;н;;;;;CONJ;НО;CONJ;О
22116;;,;,;PUNCT;;;;;;;;;;PUNCT;;;
22117;;поверьте;ПОВЕРИТЬ;V pf - pl imper - 2p;;; Но , _поверьте_ , парижские и;е;т;ь;р;е;в;V;ПОВЕРИТЬ;V pf - pl imper - 2p;Ь
22118;;,;,;PUNCT;;;;;;;;;;PUNCT;;;
22119;;парижские;ПАРИЖСКИЙ;A - nom pl plen - -;;;, поверьте , _парижские_ и французские повара;е;и;к;с;ж;и;A;ПАРИЖСКИЙ;A - nom pl plen - -;Й
22120;;и;И;CONJ;;;поверьте , парижские _и_ французские повара -;и;;;;;;CONJ;И;CONJ;И
22121;;французские;ФРАНЦУЗСКИЙ;A - nom pl plen - -;;;, парижские и _французские_ повара - самые;е;и;к;с;з;у;A;ФРАНЦУЗСКИЙ;A - nom pl plen - -;Й
22122;;повара;ПОВАР;S m anim nom pl;;;парижские и французские _повара_ - самые изысканные;а;р;а;в;о;п;S;ПОВАР;S m anim nom pl;Р
22123;;-;-;PUNCT;;;;;;;;;;PUNCT;;;
22124;;самые;САМЫЙ;APRO nom pl plen ;;;французские повара - _самые_ изысканные повара в;е;ы;м;а;с;;A;САМЫЙ;A - nom pl plen - -;Й
22125;;изысканные;ИЗЫСКАННЫЙ;A - nom pl plen - -;;;повара - самые _изысканные_ повара в мире;е;ы;н;н;а;к;A;ИЗЫСКАННЫЙ;A - nom pl plen - -;Й
22126;;повара;ПОВАР;S m anim nom pl;;;- самые изысканные _повара_ в мире ,;а;р;а;в;о;п;S;ПОВАР;S m anim nom pl;Р
22127;;в;В;PR;;;самые изысканные повара _в_ мире , а;в;;;;;;PR;В;PR;В
22128;;мире;МИР;S m inan loc2 sg;;;изысканные повара в _мире_ , а их;е;р;и;м;;;S;МИР;S m inan loc sg;Р
22129;;,;,;PUNCT;;;;;;;;;;PUNCT;;;
22130;;а;А;CONJ;;;в мире , _а_ их вина ,;а;;;;;;CONJ;А;CONJ;А
22131;;их;ИХ;APRO - nom pl plen - -;;;мире , а _их_ вина , настоящие;х;и;;;;;APRO;ИХ;A - nonflex - plen - -;Х
22132;;вина;ВИНО;S n inan nom pl;;;, а их _вина_ , настоящие вина;а;н;и;в;;;S;ВИНА;S n inan gen sg;О
22133;;,;,;PUNCT;;;;;;;;;;PUNCT;;;
22134;;настоящие;НАСТОЯЩИЙ;A - nom pl plen - -;;;их вина , _настоящие_ вина Франции придётся;е;и;щ;я;о;т;A;НАСТОЯЩИЙ;A - nom pl plen - -;Й
22135;;вина;ВИНО;S n inan nom pl;;;вина , настоящие _вина_ Франции придётся ...;а;н;и;в;;;S;ВИНО;S n inan nom pl;О
22136;;Франции;ФРАНЦИЯ;S f inan gen sg;;;, настоящие вина _Франции_ придётся ... придутся;и;и;ц;н;а;р;S;ФРАНЦИЯ;S f inan gen sg;Я
22137;;придётся;ПРИЙТИСЬ;V pf fut sg indic - 3p;;;настоящие вина Франции _придётся_ ... придутся по;я;с;т;ё;д;и;V;ПРИЙТИСЬ;V pf fut sg indic - 3p;Ь
22138;;...;...;PUNCT;;;;;;;;;;PUNCT;;;
22139;;придутся;ПРИЙТИСЬ;V pf fut pl indic - 3p;;;Франции придётся ... _придутся_ по вкусу каждому;я;с;т;у;д;и;V;ПРИЙТИСЬ;V pf fut pl indic - 3p;Ь
22140;;по;ПО;PR;;;придётся ... придутся _по_ вкусу каждому .;о;п;;;;;PR;ПО;PR;О
22141;;вкусу;ВКУС;S m inan dat sg;;;... придутся по _вкусу_ каждому . ;у;с;у;к;в;;S;ВКУС;S m inan dat sg;С
22142;;каждому;КАЖДЫЙ;APRO - dat sg plen m -;;;придутся по вкусу _каждому_ .  ;у;м;о;д;ж;а;APRO;КАЖДЫЙ;A - dat sg plen m -;Й
22143;;.;.;PUNCT;;;;;;;;;;PUNCT;;;
22144;;;;;;;;;;;;;;;;;
22145;# sent = 1560;;;;;;;;;;;;;;;;
22146;# speaker = Ольга;;;;;;;;;;;;;;;;
22147;# sent = 1561;;;;;;;;;;;;;;;;
22148;;Особая;ОСОБЫЙ;A - nom sg plen f -;;;   _Особая_ тема - это;я;а;б;о;с;о;A;ОСОБЫЙ;A - nom sg plen f -;Й
22149;;тема;ТЕМА;S f inan nom sg;;;  Особая _тема_ - это парижанки;а;м;е;т;;;S;ТЕМА;S f inan nom sg;А
22150;;-;-;PUNCT;;;;;;;;;;PUNCT;;;
22151;;это;ЭТО;SPRO n - nom sg;;;Особая тема - _это_ парижанки . ;о;т;э;;;;SPRO;ЭТО;S n - nom sg;О
22152;;парижанки;ПАРИЖАНКА;S f anim nom pl;;;тема - это _парижанки_ .  ;и;к;н;а;ж;и;S;ПАРИЖАНКА;S f anim nom pl;А
22153;;.;.;PUNCT;;;;;;;;;;PUNCT;;;
22154;;;;;;;;;;;;;;;;;
22155;# sent = 1562;;;;;;;;;;;;;;;;
22156;;Согласно;СОГЛАСНО;PR;;;.   _Согласно_ с ... распространённому;о;н;с;а;л;г;ADV;СОГЛАСНО;ADV -;О
22157;;с;;NONLEX;;;  Согласно _с_ ... распространённому стереотипу;с;;;;;;PR;С;PR;
22158;;...;...;PUNCT;;;;;;;;;;PUNCT;;;
22159;;распространённому;РАСПРОСТРАНЕННЫЙ;A - dat sg plen m -;;;Согласно с ... _распространённому_ стереотипу , они;у;м;о;н;н;ё;A;РАСПРОСТРАНЕННЫЙ;A - dat sg plen m -;Й
22160;;стереотипу;СТЕРЕОТИП;S m inan dat sg;;;с ... распространённому _стереотипу_ , они худенькие;у;п;и;т;о;е;S;СТЕРЕОТИП;S m inan dat sg;П
22161;;,;,;PUNCT;;;;;;;;;;PUNCT;;;
22162;;они;ОНИ;SPRO pl - - nom;;;распространённому стереотипу , _они_ худенькие , серенькие;и;н;о;;;;SPRO;ОНИ;SPRO pl - - nom;И
22163;;худенькие;ХУДЕНЬКИЙ;A - nom pl plen - -;;;стереотипу , они _худенькие_ , серенькие ,;е;и;к;ь;н;е;A;ХУДЕНЬКИЙ;A - nom pl plen - -;Й
22164;;,;,;PUNCT;;;;;;;;;;PUNCT;;;
22165;;серенькие;СЕРЕНЬКИЙ;A - nom pl plen - -;;;они худенькие , _серенькие_ , одетые очень;е;и;к;ь;н;е;A;СЕРЕНЬКИЙ;A - nom pl plen - -;Й
22166;;,;,;PUNCT;;;;;;;;;;PUNCT;;;
22167;;одетые;ОДЕТЬ;V pf partcp praet nom pl plen - pass tran;;;, серенькие , _одетые_ очень скромно ,;е;ы;т;е;д;о;A;ОДЕТЫЙ;A - acc pl plen - inan;Ь
22168;;очень;ОЧЕНЬ;ADV -;;;серенькие , одетые _очень_ скромно , в;ь;н;е;ч;о;;ADV;ОЧЕНЬ;ADV -;Ь
22169;;скромно;СКРОМНО;ADV -;;;, одетые очень _скромно_ , в спортивный;о;н;м;о;р;к;ADV;СКРОМНО;ADV -;О
22170;;,;,;PUNCT;;;;;;;;;;PUNCT;;;
22171;;в;В;PR;;;очень скромно , _в_ спортивный стиль зачастую;в;;;;;;PR;В;PR;В
22172;;спортивный;СПОРТИВНЫЙ;A - acc sg plen m inan;;;скромно , в _спортивный_ стиль зачастую .;й;ы;н;в;и;т;A;СПОРТИВНЫЙ;A - acc sg plen m inan;Й
22173;;стиль;СТИЛЬ;S m inan acc sg;;;, в спортивный _стиль_ зачастую . ;ь;л;и;т;с;;S;СТИЛЬ;S m inan acc sg;Ь
22174;;зачастую;ЗАЧАСТУЮ;ADV -;;;в спортивный стиль _зачастую_ .  ;ю;у;т;с;а;ч;ADV;ЗАЧАСТУЮ;ADV -;Ю
22175;;.;.;PUNCT;;;;;;;;;;PUNCT;;;
22176;;;;;;;;;;;;;;;;;
22177;# sent = 1563;;;;;;;;;;;;;;;;
22178;;Но;НО;CONJ;;;.   _Но_ ... это опять-таки;о;н;;;;;CONJ;НО;CONJ;О
22179;;...;...;PUNCT;;;;;;;;;;PUNCT;;;
22180;;это;ЭТО;SPRO n - nom sg;;; Но ... _это_ опять-таки не совсем;о;т;э;;;;SPRO;ЭТО;S n - nom sg;О
22181;;опять-таки;ОПЯТЬ-ТАКИ;ADV -;;;Но ... это _опять-таки_ не совсем так;и;к;а;т;-;ь;ADV;ОПЯТЬ-ТАКИ;ADV -;И
22182;;не;НЕ;PART;;;... это опять-таки _не_ совсем так .;е;н;;;;;PART;НЕ;PART;Е
22183;;совсем;СОВСЕМ;ADV -;;;это опять-таки не _совсем_ так . ;м;е;с;в;о;с;ADV;СОВСЕМ;ADV -;М
22184;;так;ТАК;ADVPRO;;;опять-таки не совсем _так_ .  ;к;а;т;;;;ADV;ТАК;ADV -;К
22185;;.;.;PUNCT;;;;;;;;;;PUNCT;;;
22186;;;;;;;;;;;;;;;;;
22187;# sent = 1564;;;;;;;;;;;;;;;;
22188;;Они;ОНИ;SPRO pl - - nom;;;.   _Они_ все стильны ,;и;н;о;;;;SPRO;ОНИ;SPRO pl - - nom;И
22189;;все;ВСЕ;SPRO pl nom;;;  Они _все_ стильны , кокетливы;е;с;в;;;;S;ВСЕ;S - - acc pl;Е
22190;;стильны;СТИЛЬНЫЙ;A - - pl brev - -;;; Они все _стильны_ , кокетливы и;ы;н;ь;л;и;т;A;СТИЛЬНЫЙ;A - - pl brev - -;Й
22191;;,;,;PUNCT;;;;;;;;;;PUNCT;;;
22192;;кокетливы;КОКЕТЛИВЫЙ;A - - pl brev - -;;;все стильны , _кокетливы_ и очень женственны;ы;в;и;л;т;е;A;КОКЕТЛИВЫЙ;A - - pl brev - -;Й
22193;;и;И;CONJ;;;стильны , кокетливы _и_ очень женственны .;и;;;;;;CONJ;И;CONJ;И
22194;;очень;ОЧЕНЬ;ADV -;;;, кокетливы и _очень_ женственны . ;ь;н;е;ч;о;;ADV;ОЧЕНЬ;ADV -;Ь
22195;;женственны;ЖЕНСТВЕННЫЙ;A - - pl brev - -;;;кокетливы и очень _женственны_ .  ;ы;н;н;е;в;т;A;ЖЕНСТВЕННЫЙ;A - - pl brev - -;Й
22196;;.;.;PUNCT;;;;;;;;;;PUNCT;;;
22197;;;;;;;;;;;;;;;;;
22198;# sent = 1565;;;;;;;;;;;;;;;;
22199;;И;И;PART;;;.   _И_ , плюс ,;и;;;;;;CONJ;И;CONJ;И
22200;;,;,;PUNCT;;;;;;;;;;PUNCT;;;
22201;;плюс;ПЛЮС;CONJ;;; И , _плюс_ , та аура;с;ю;л;п;;;CONJ;ПЛЮС;CONJ;С
22202;;,;,;PUNCT;;;;;;;;;;PUNCT;;;
22203;;та;ТОТ;APRO nom sg f;;;, плюс , _та_ аура Парижа ,;а;т;;;;;A;ТОТ;A - nom sg plen f -;Т
22204;;аура;АУРА;S f inan nom sg;;;плюс , та _аура_ Парижа , которая;а;р;у;а;;;S;АУРА;S f inan nom sg;А
22205;;Парижа;ПАРИЖ;S m inan gen sg;;;, та аура _Парижа_ , которая делаетих;а;ж;и;р;а;п;S;ПАРИЖ;S m inan gen sg;Ж
22206;;,;,;PUNCT;;;;;;;;;;PUNCT;;;
22207;;которая;КОТОРЫЙ;APRO - nom sg plen f -;;;аура Парижа , _которая_ делаетих необыкновенно привлекательными;я;а;р;о;т;о;APRO;КОТОРЫЙ;A - nom sg plen f -;Й
22208;;делаетих;ДЕЛАЕТИХИЙ;A - - sg brev m -;раздельно;;Парижа , которая _делаетих_ необыкновенно привлекательными .;х;и;т;е;а;л;A;ДЕЛАЕТИХИЙ;A - - sg brev m -;Й
22209;;необыкновенно;НЕОБЫКНОВЕННО;ADV -;;;, которая делаетих _необыкновенно_ привлекательными . ;о;н;н;е;в;о;ADV;НЕОБЫКНОВЕННО;ADV -;О
22210;;привлекательными;ПРИВЛЕКАТЕЛЬНЫЙ;A - ins pl plen - -;;;которая делаетих необыкновенно _привлекательными_ .  ;и;м;ы;н;ь;л;A;ПРИВЛЕКАТЕЛЬНЫЙ;A - ins pl plen - -;Й
22211;;.;.;PUNCT;;;;;;;;;;PUNCT;;;
22212;;;;;;;;;;;;;;;;;
22213;# sent = 1566;;;;;;;;;;;;;;;;
22214;# speaker = Ольга;;;;;;;;;;;;;;;;
22215;# sent = 1567;;;;;;;;;;;;;;;;
22216;;Так что;Так что;CONJ;слитно;;   _Так что_ , ребята ,;о;т;ч; ;к;а;CONJ;Так что;CONJ;о
22217;;,;,;PUNCT;;;;;;;;;;PUNCT;;;
22218;;ребята;РЕБЯТА;S - anim voc pl;;; Так что , _ребята_ , Париж -;а;т;я;б;е;р;S;РЕБЯТА;S - anim nom pl;А
22219;;,;,;PUNCT;;;;;;;;;;PUNCT;;;
22220;;Париж;ПАРИЖ;S m inan nom sg;;;, ребята , _Париж_ - это ваш;ж;и;р;а;п;;S;ПАРИЖ;S m inan nom sg;Ж
22221;;-;-;PUNCT;;;;;;;;;;PUNCT;;;
22222;;это;ЭТО;SPRO n - nom sg;;;, Париж - _это_ ваш город .;о;т;э;;;;SPRO;ЭТО;S n - nom sg;О
22223;;ваш;ВАШ;APRO - nom sg plen m -;;;Париж - это _ваш_ город . ;ш;а;в;;;;APRO;ВАШ;A - nom sg plen m -;Ш
22224;;город;ГОРОД;S m inan nom sg;;;- это ваш _город_ .  ;д;о;р;о;г;;S;ГОРОД;S m inan nom sg;Д
22225;;.;.;PUNCT;;;;;;;;;;PUNCT;;;
22226;;;;;;;;;;;;;;;;;
22227;# sent = 1568;;;;;;;;;;;;;;;;
22228;;Я;Я;SPRO sg 1p - nom;;;.   _Я_ действительно верю ,;я;;;;;;SPRO;Я;SPRO sg 1p - nom;Я
22229;;действительно;ДЕЙСТВИТЕЛЬНО;PART;;;  Я _действительно_ верю , что;о;н;ь;л;е;т;ADV;ДЕЙСТВИТЕЛЬНО;ADV -;О
22230;;верю;ВЕРИТЬ;V ipf praes sg indic - 1p;;; Я действительно _верю_ , что каждому;ю;р;е;в;;;V;ВЕРИТЬ;V ipf praes sg indic - 1p;Ь
22231;;,;,;PUNCT;;;;;;;;;;PUNCT;;;
22232;;что;ЧТО;CONJ;;;действительно верю , _что_ каждому из вас;о;т;ч;;;;CONJ;ЧТО;CONJ;О
22233;;каждому;КАЖДЫЙ;APRO - dat sg plen m -;;;верю , что _каждому_ из вас в;у;м;о;д;ж;а;APRO;КАЖДЫЙ;A - dat sg plen m -;Й
22234;;из;ИЗ;PR;;;, что каждому _из_ вас в своё;з;и;;;;;PR;ИЗ;PR;З
22235;;вас;ВЫ;SPRO pl 2p - gen;;;что каждому из _вас_ в своё время;с;а;в;;;;SPRO;ВЫ;SPRO pl 2p - loc;Ы
22236;;в;В;PR;;;каждому из вас _в_ своё время придётся;в;;;;;;PR;В;PR;В
22237;;своё;СВОЙ;APRO - acc sg plen n inan;;;из вас в _своё_ время придётся познакомиться;ё;о;в;с;;;APRO;СВОЙ;A - acc sg plen n inan;Й
22238;;время;ВРЕМЯ;S n inan acc sg;;;вас в своё _время_ придётся познакомиться с;я;м;е;р;в;;S;ВРЕМЯ;S n inan acc sg;Я
22239;;придётся;ПРИЙТИСЬ;V pf fut sg indic - 3p;;;в своё время _придётся_ познакомиться с этим;я;с;т;ё;д;и;V;ПРИЙТИСЬ;V pf fut sg indic - 3p;Ь
22240;;познакомиться;ПОЗНАКОМИТЬСЯ;V pf - - inf - -;;;своё время придётся _познакомиться_ с этим самым;я;с;ь;т;и;м;V;ПОЗНАКОМИТЬСЯ;V pf - - inf - -;Я
22241;;с;С;PR;;;время придётся познакомиться _с_ этим самым прекрасным;с;;;;;;PR;С;PR;С
22242;;этим;ЭТОТ;APRO - ins sg plen m -;;;придётся познакомиться с _этим_ самым прекрасным городом;м;и;т;э;;;APRO;ЭТОТ;A - dat pl plen - -;Т
22243;;самым;САМЫЙ;APRO ins sg m;;;познакомиться с этим _самым_ прекрасным городом на;м;ы;м;а;с;;A;САМЫЙ;A - ins sg plen m -;Й
22244;;прекрасным;ПРЕКРАСНЫЙ;A - ins sg plen m -;;;с этим самым _прекрасным_ городом на Земле;м;ы;н;с;а;р;A;ПРЕКРАСНЫЙ;A - ins sg plen m -;Й
22245;;городом;ГОРОД;S m inan ins sg;;;этим самым прекрасным _городом_ на Земле .;м;о;д;о;р;о;S;ГОРОД;S m inan ins sg;Д
22246;;на;НА;PR;;;самым прекрасным городом _на_ Земле . ;а;н;;;;;PR;НА;PR;А
22247;;Земле;ЗЕМЛЯ;S f inan loc2 sg;;;прекрасным городом на _Земле_ .  ;е;л;м;е;з;;S;ЗЕМЛЯ;S f inan loc sg;Я
22248;;.;.;PUNCT;;;;;;;;;;PUNCT;;;
22249;# doc = pariskili.2.txt;;;;;;;;;;;;;;;;
